SET SQL_MODE = "NO_AUTO_VALUE_ON_ZERO";
SET time_zone = "+00:00";

/*!40101 SET @OLD_CHARACTER_SET_CLIENT=@@CHARACTER_SET_CLIENT */;
/*!40101 SET @OLD_CHARACTER_SET_RESULTS=@@CHARACTER_SET_RESULTS */;
/*!40101 SET @OLD_COLLATION_CONNECTION=@@COLLATION_CONNECTION */;
/*!40101 SET NAMES utf8mb4 */;


CREATE TABLE `addresses` (
  `address_id` bigint(20) UNSIGNED NOT NULL,
  `user_id` bigint(20) UNSIGNED NOT NULL,
  `country` varchar(255) NOT NULL,
  `city` varchar(255) NOT NULL,
  `post_code` varchar(255) NOT NULL,
  `street` varchar(255) NOT NULL,
  `building_number` int(11) NOT NULL,
  `apartment_number` int(11) DEFAULT NULL
) ENGINE=InnoDB DEFAULT CHARSET=utf8 COLLATE=utf8_polish_ci;

INSERT INTO `addresses` (`address_id`, `user_id`, `country`, `city`, `post_code`, `street`, `building_number`, `apartment_number`) VALUES
(40, 13, 'Polska', 'Radomsko', '12-235', 'Radwańska', 347, 8);

CREATE TABLE `carts` (
  `cart_id` bigint(20) UNSIGNED NOT NULL,
  `user_id` bigint(20) UNSIGNED NOT NULL
) ENGINE=InnoDB DEFAULT CHARSET=utf8 COLLATE=utf8_polish_ci;

INSERT INTO `carts` (`cart_id`, `user_id`) VALUES
(3, 11),
(4, 13),
(5, 18),
(6, 19);

CREATE TABLE `cart_items` (
  `cart_item_id` bigint(20) UNSIGNED NOT NULL,
  `cart_id` bigint(20) UNSIGNED NOT NULL,
  `product_id` bigint(20) UNSIGNED NOT NULL,
  `quantity` bigint(20) NOT NULL
) ENGINE=InnoDB DEFAULT CHARSET=utf8 COLLATE=utf8_polish_ci;

INSERT INTO `cart_items` (`cart_item_id`, `cart_id`, `product_id`, `quantity`) VALUES
(73, 5, 19, 1),
(74, 6, 1, 1);

CREATE TABLE `categories` (
  `category_id` bigint(20) UNSIGNED NOT NULL,
  `category_name` varchar(255) NOT NULL
) ENGINE=InnoDB DEFAULT CHARSET=utf8 COLLATE=utf8_polish_ci;

INSERT INTO `categories` (`category_id`, `category_name`) VALUES
(1, 'Smartfony'),
(2, 'Laptopy'),
(3, 'Tablety'),
(4, 'Smartwatche');

CREATE TABLE `orders` (
  `order_id` bigint(20) UNSIGNED NOT NULL,
  `user_id` bigint(20) UNSIGNED NOT NULL,
  `payment_id` bigint(20) UNSIGNED NOT NULL,
  `order_date` datetime NOT NULL,
  `total_price` decimal(10,2) NOT NULL,
  `country` varchar(255) NOT NULL,
  `city` varchar(255) NOT NULL,
  `post_code` varchar(255) NOT NULL,
  `street` varchar(255) NOT NULL,
  `building_number` int(11) NOT NULL,
  `apartment_number` int(11) DEFAULT NULL
) ENGINE=InnoDB DEFAULT CHARSET=utf8 COLLATE=utf8_polish_ci;

INSERT INTO `orders` (`order_id`, `user_id`, `payment_id`, `order_date`, `total_price`, `country`, `city`, `post_code`, `street`, `building_number`, `apartment_number`) VALUES
(1, 13, 3, '2024-10-31 12:29:32', 12297.00, 'Polska', 'Łódź', '97-204', 'Radwańska', 46, NULL),
(2, 13, 3, '2024-11-02 12:05:35', 10596.00, 'Polska', 'Łódź', '93-253', 'Piotrkowska', 35, NULL),
(4, 13, 1, '2024-11-05 19:57:45', 10897.00, 'Polska', 'Łódź', '93-256', 'Radwańska', 12, 62),
(11, 11, 3, '2024-11-06 17:10:30', 8499.00, 'Polska', 'Strzałkow', '97-500', 'Konopnicjiej', 62, NULL),
(18, 13, 2, '2024-11-11 17:32:16', 12696.00, 'Polska', 'Łódź', '93-256', 'Radwańska', 12, 62),
(20, 13, 2, '2024-11-12 22:11:10', 3499.00, 'Polska', 'Radomsko', '12-235', 'Radwańska', 34, NULL),
(22, 13, 1, '2024-11-14 21:18:26', 7497.00, 'Polska', 'Radomsko', '12-235', 'Radwańska', 347, NULL),
(23, 13, 3, '2024-11-15 15:01:56', 7047.00, 'Polska', 'Radomsko', '12-235', 'Radwańska', 347, 8);

CREATE TABLE `order_items` (
  `order_item_id` bigint(20) UNSIGNED NOT NULL,
  `order_id` bigint(20) UNSIGNED NOT NULL,
  `product_id` bigint(20) UNSIGNED NOT NULL,
  `quantity` int(11) NOT NULL
) ENGINE=InnoDB DEFAULT CHARSET=utf8 COLLATE=utf8_polish_ci;

INSERT INTO `order_items` (`order_item_id`, `order_id`, `product_id`, `quantity`) VALUES
(1, 1, 1, 2),
(2, 1, 2, 1),
(3, 2, 43, 3),
(4, 2, 20, 1),
(5, 4, 13, 2),
(6, 4, 2, 1),
(13, 11, 16, 1),
(20, 18, 1, 3),
(21, 18, 51, 1),
(23, 20, 1, 1),
(25, 22, 56, 1),
(26, 22, 41, 1),
(27, 22, 17, 1),
(28, 23, 12, 3);

CREATE TABLE `payments` (
  `payment_id` bigint(20) UNSIGNED NOT NULL,
  `payment_method` varchar(255) NOT NULL,
  `image_path` varchar(255) NOT NULL
) ENGINE=InnoDB DEFAULT CHARSET=utf8 COLLATE=utf8_polish_ci;

INSERT INTO `payments` (`payment_id`, `payment_method`, `image_path`) VALUES
(1, 'Karta płatnicza', 'assets/icons/visa.png'),
(2, 'Google Pay', 'assets/icons/google_pay.png'),
(3, 'Blik', 'assets/icons/blik.png'),
(4, 'Przelew', 'assets/icons/card_transfer.png');

CREATE TABLE `producers` (
  `producer_id` bigint(20) UNSIGNED NOT NULL,
  `producer_name` varchar(255) NOT NULL,
  `image_path` varchar(255) NOT NULL
) ENGINE=InnoDB DEFAULT CHARSET=utf8 COLLATE=utf8_polish_ci;

INSERT INTO `producers` (`producer_id`, `producer_name`, `image_path`) VALUES
(1, 'Apple', 'assets/icons/apple.png'),
(2, 'Samsung', 'assets/icons/samsung.png'),
(3, 'Huawei', 'assets/icons/huawei.png'),
(4, 'Lenovo', 'assets/icons/lenovo.png'),
(5, 'Garmin', 'assets/icons/garmin.png');

CREATE TABLE `products` (
  `product_id` bigint(20) UNSIGNED NOT NULL,
  `category_id` bigint(20) UNSIGNED NOT NULL,
  `producer_id` bigint(20) UNSIGNED NOT NULL,
  `product_name` varchar(255) NOT NULL,
  `description` text NOT NULL,
  `price` decimal(8,2) NOT NULL,
  `stock_quantity` bigint(20) NOT NULL,
  `image_path` varchar(255) NOT NULL,
  `added_at` datetime NOT NULL,
  `specification` text NOT NULL
) ENGINE=InnoDB DEFAULT CHARSET=utf8 COLLATE=utf8_polish_ci;

INSERT INTO `products` (`product_id`, `category_id`, `producer_id`, `product_name`, `description`, `price`, `stock_quantity`, `image_path`, `added_at`, `specification`) VALUES
(1, 1, 1, 'Apple iPhone 15', 'Apple iPhone 15 to nowa generacja smartfona, która łączy klasyczny styl z przełomowymi innowacjami. Wyposażony w zaawansowany wyświetlacz Super Retina XDR o przekątnej 6,1 cala, iPhone 15 oferuje wyjątkową jasność i precyzyjne odwzorowanie kolorów, idealne do oglądania multimediów i przeglądania treści w każdej sytuacji. Sercem tego modelu jest wydajny procesor Apple A16 Bionic, zaprojektowany z myślą o płynnej pracy oraz obsłudze intensywnych aplikacji i gier.\r\n\r\nDzięki nowemu systemowi kamer iPhone 15 zapewnia doskonałą jakość zdjęć i filmów, nawet przy słabym oświetleniu. Główny aparat 48 MP uchwyci szczegóły z niespotykaną dotąd precyzją, a ultraszerokokątny obiektyw 12 MP pozwoli na rejestrowanie szerszych ujęć. Wydajna bateria zapewnia długi czas pracy, a szybkie ładowanie i ładowanie MagSafe sprawiają, że iPhone 15 jest gotowy do działania w każdej chwili. Całość zamknięta jest w eleganckiej obudowie z wytrzymałego aluminium, a wodoodporność IP68 sprawia, że jest odporny na kurz i zachlapania.', 3499.00, 11, 'assets/products/iphone_15.png', '2024-10-31 11:16:28', 'Wyświetlacz: 6,1 cala, Super Retina XDR OLED, rozdzielczość 2556 x 1179 pikseli, zagęszczenie 460 ppi, jasność do 1000 nitów (typowa), 1600 nitów (HDR), maksymalnie 2000 nitów na zewnątrz.\r\n\r\nProcesor: Apple A16 Bionic, 6-rdzeniowy z systemem Neural Engine.\r\n\r\nPamięć: 128 GB pamięci wewnętrznej.\r\n\r\nAparat główny: Podwójny aparat – 48 MP (f/1.6) i 12 MP (f/2.4), możliwość nagrywania wideo w 4K, tryb nocny, tryb makro.\r\n\r\nAparat przedni: 12 MP TrueDepth (f/1.9) z obsługą Face ID, możliwość nagrywania wideo w 4K.\r\n\r\nBateria: Pojemność 3340 mAh, odtwarzanie wideo do 20 godzin, obsługa szybkiego ładowania (do 50% w 30 minut przy użyciu 20 W lub większej mocy), ładowanie bezprzewodowe MagSafe.\r\n\r\nSystem operacyjny: iOS 17, z nowymi funkcjami bezpieczeństwa i prywatności.\r\n\r\nOdporność: Wodoodporność i pyłoszczelność w standardzie IP68 (do 6 metrów głębokości przez maksymalnie 30 minut).\r\n\r\nŁączność: 5G, Wi-Fi 6E, Bluetooth 5.3, złącze USB-C.'),
(2, 1, 2, 'Samsung Galaxy S24 Ultra', 'Samsung Galaxy S24 Ultra to flagowy model smartfona, który łączy innowacyjne technologie z wyjątkowym designem. Wyposażony w ogromny wyświetlacz Dynamic AMOLED 2X o przekątnej 6,8 cala, Galaxy S24 Ultra zapewnia doskonałą jakość obrazu i wyjątkowe kolory. Dzięki procesorowi Snapdragon 8 Gen 3, ten smartfon gwarantuje płynne działanie aplikacji oraz gier, nawet w najbardziej wymagających warunkach.\r\n\r\nModel ten wyróżnia się zaawansowanym systemem kamer, w tym głównym aparatem 200 MP, który pozwala na uchwycenie niesamowitych szczegółów w każdej sytuacji. Funkcje takie jak zoom optyczny oraz tryb nocny dodatkowo podnoszą jakość zdjęć. Galaxy S24 Ultra zapewnia długi czas pracy dzięki pojemnej baterii oraz wsparciu dla szybkiego i bezprzewodowego ładowania, co sprawia, że jest idealnym towarzyszem na co dzień. Całość zamknięta jest w eleganckiej obudowie, która jest odporna na wodę i pył.', 5299.00, 99, 'assets/products/galaxy_s24_ultra.png', '2024-10-31 11:20:40', 'Wyświetlacz: 6,8 cala, rozdzielczość 3088 x 1440 pikseli, panel Dynamic AMOLED 2X, odświeżanie 120 Hz, jasność do 2000 nitów.\r\n\r\nProcesor: Qualcomm Snapdragon 8 Gen 3.\r\n\r\nPamięć: 12 GB RAM.\r\n\r\nDysk twardy: 512 GB pamięci wewnętrznej (brak slotu na kartę microSD).\r\n\r\nAparat główny: Czterokrotny aparat – 200 MP (f/1.7), 12 MP (f/2.2, ultraszerokokątny), 10 MP (f/2.4, teleobiektyw) i 10 MP (f/4.9, teleobiektyw z zoomem).\r\n\r\nAparat przedni: 12 MP (f/2.2).\r\n\r\nBateria: Pojemność 5000 mAh, do 29 godzin rozmów, szybkie ładowanie 45 W, ładowanie bezprzewodowe.\r\n\r\nSystem operacyjny: Android 14 z interfejsem One UI 6.\r\n\r\nOdporność: IP68 (odporność na kurz i wodę do 1,5 metra przez 30 minut).\r\n\r\nŁączność: 5G, Wi-Fi 7, Bluetooth 5.3, NFC, port USB-C.'),
(3, 1, 3, 'Huawei Nova 12 SE', 'Huawei Nova 12 SE to nowoczesny smartfon, który łączy elegancki design z funkcjonalnością. Wyposażony w wyświetlacz OLED o przekątnej 6,67 cala, oferuje niezwykle żywe kolory i wyraźny obraz, co czyni go idealnym do oglądania filmów, przeglądania zdjęć oraz korzystania z mediów społecznościowych. Jego smukła obudowa i lekka konstrukcja sprawiają, że świetnie leży w dłoni, a minimalistyczny design przyciąga wzrok.\r\n\r\nSercem Huawei Nova 12 SE jest potężny procesor, który zapewnia płynne działanie i szybkość reakcji w codziennych zadaniach. Użytkownicy mogą liczyć na wysoką jakość zdjęć dzięki potrójnemu aparatowi głównemu, w tym głównemu obiektywowi 108 MP, który uchwyci każdy detal. Dodatkowe obiektywy pozwalają na kreatywne podejście do fotografii, oferując różnorodne tryby i efekty.\r\n\r\nBateria o pojemności 4500 mAh gwarantuje długi czas pracy, a szybkie ładowanie sprawia, że Nova 12 SE jest gotowy do działania w krótkim czasie. System operacyjny HarmonyOS 3.0 oferuje płynne i intuicyjne doświadczenia użytkownika, umożliwiając łatwe zarządzanie aplikacjami i danymi.', 1299.00, 37, 'assets/products/huawei_nova12se.png', '2024-10-31 11:22:14', 'Wyświetlacz: OLED, 6,67 cala, rozdzielczość 2400 x 1080 pikseli, zagęszczenie 395 ppi, jasność do 800 nitów, obsługa HDR10.\r\n\r\nProcesor: Kirin 820E, architektura 7 nm, 8-rdzeniowy procesor z grafiką Mali-G57.\r\n\r\nPamięć: Dostępne wersje: 128 GB, z możliwością rozszerzenia pamięci przez kartę microSD.\r\n\r\nAparat główny: Potrójny aparat – 108 MP (f/1.9, obiektyw standardowy), 8 MP (f/2.2, obiektyw ultraszerokokątny) oraz 2 MP (f/2.4, czujnik głębi), możliwość nagrywania wideo w 4K.\r\n\r\nAparat przedni: 16 MP (f/2.0), możliwość nagrywania wideo w 1080p.\r\n\r\nBateria: Pojemność 4500 mAh, odtwarzanie wideo do 16 godzin, szybkie ładowanie (40 W).\r\n\r\nSystem operacyjny: HarmonyOS 3.0 z nowymi funkcjami bezpieczeństwa i personalizacji.\r\n\r\nOdporność: Brak certyfikacji wodoodporności.\r\n\r\nŁączność: 5G, Wi-Fi 6, Bluetooth 5.0, obsługa NFC, złącze USB-C.'),
(4, 1, 2, 'Samsung Galaxy S24', 'Samsung Galaxy S24 to najnowszy smartfon, który łączy w sobie zaawansowaną technologię z nowoczesnym designem. Wyposażony w jasny i wyraźny wyświetlacz AMOLED o przekątnej 6,1 cala, Galaxy S24 oferuje doskonałą jakość obrazu, idealną do oglądania filmów i przeglądania zdjęć. Dzięki procesorowi Snapdragon 8 Gen 3, ten smartfon zapewnia niesamowitą wydajność, co czyni go doskonałym narzędziem zarówno do pracy, jak i zabawy.\r\n\r\nNowoczesny system kamer z głównym obiektywem 50 MP pozwala na robienie znakomitych zdjęć w różnych warunkach oświetleniowych, a funkcje sztucznej inteligencji dodatkowo poprawiają jakość fotografii. Galaxy S24 zapewnia także długi czas pracy na baterii oraz szybkie ładowanie, dzięki czemu nigdy nie zabraknie Ci energii w ciągu dnia. Całość dopełnia elegancka obudowa, która jest odporna na wodę i pył.', 3299.00, 95, 'assets/products/galaxy_s24_5g.png', '2024-10-31 19:04:32', 'Wyświetlacz: 6,1 cala, rozdzielczość 2340 x 1080 pikseli, panel Dynamic AMOLED 2X, odświeżanie 120 Hz, jasność do 1750 nitów.\r\n\r\nProcesor: Qualcomm Snapdragon 8 Gen 3.\r\n\r\nPamięć: 8 GB RAM.\r\n\r\nDysk twardy: 256 GB pamięci wewnętrznej (brak slotu na kartę microSD).\r\n\r\nAparat główny: Potrójny aparat – 50 MP (f/1.8), 12 MP (f/2.2, ultraszerokokątny) i 10 MP (f/2.4, teleobiektyw).\r\n\r\nAparat przedni: 12 MP (f/2.2).\r\n\r\nBateria: Pojemność 4000 mAh, do 22 godzin rozmów, szybkie ładowanie 25 W, ładowanie bezprzewodowe.\r\n\r\nSystem operacyjny: Android 14 z interfejsem One UI 6.\r\n\r\nOdporność: IP68 (odporność na kurz i wodę do 1,5 metra przez 30 minut).\r\n\r\nŁączność: 5G, Wi-Fi 7, Bluetooth 5.3, NFC, port USB-C.'),
(5, 1, 2, 'Samsung Galaxy A35 5G', 'Samsung Galaxy A35 5G to nowoczesny smartfon, który łączy stylowy design z zaawansowanymi funkcjami, idealny dla osób poszukujących doskonałego urządzenia do codziennych zadań i rozrywki. Wyposażony w jasny wyświetlacz Super AMOLED o przekątnej 6,5 cala, oferuje żywe kolory i głęboki kontrast, co sprawia, że oglądanie filmów i przeglądanie zdjęć staje się prawdziwą przyjemnością. Dzięki wysokiej częstotliwości odświeżania 90 Hz, przewijanie treści i korzystanie z aplikacji odbywa się płynnie.\r\n\r\nSerce Galaxy A35 napędza potężny procesor Exynos, który zapewnia szybką i efektywną pracę, niezależnie od tego, czy grasz w gry, czy korzystasz z wielu aplikacji jednocześnie. Zestaw potrójnego aparatu, w tym główny obiektyw 48 MP, pozwala na robienie wyjątkowych zdjęć w różnych warunkach oświetleniowych, a dodatkowe obiektywy zapewniają wszechstronność w rejestrowaniu szerokich kadrów i makro.\r\n\r\nDzięki pojemnej baterii o wartości 5000 mAh, Galaxy A35 5G gwarantuje długi czas pracy na jednym ładowaniu, a funkcja szybkiego ładowania sprawia, że możesz szybko przywrócić energię. Z systemem operacyjnym Android 13 i interfejsem One UI, użytkownicy cieszą się intuicyjnym i przyjemnym doświadczeniem.', 1449.00, 65, 'assets/products/galaxy_a35_5g.png', '2024-10-31 19:04:32', 'Wyświetlacz: Super AMOLED, 6,5 cala, rozdzielczość 2400 x 1080 pikseli, zagęszczenie 405 ppi, jasność do 800 nitów, obsługa HDR10.\r\n\r\nProcesor: Exynos (szczegóły mogą się różnić w zależności od regionu), 8-rdzeniowy procesor z grafiką Mali-G68.\r\n\r\nPamięć: 256 GB, z 6 GB RAM; możliwość rozszerzenia pamięci za pomocą karty microSD.\r\n\r\nAparat główny: Potrójny aparat – 48 MP (f/1.8, obiektyw standardowy), 8 MP (f/2.2, obiektyw ultraszerokokątny) oraz 5 MP (f/2.4, obiektyw makro), możliwość nagrywania wideo w 4K.\r\n\r\nAparat przedni: 13 MP (f/2.2), możliwość nagrywania wideo w Full HD.\r\n\r\nBateria: Pojemność 5000 mAh, odtwarzanie wideo do 20 godzin, szybkie ładowanie (25 W).\r\n\r\nSystem operacyjny: Android 13 z interfejsem One UI.\r\n\r\nOdporność: Wodoodporność i pyłoszczelność w standardzie IP67 (do 1 metra przez maksymalnie 30 minut).\r\n\r\nŁączność: 5G, Wi-Fi 6, Bluetooth 5.2, obsługa NFC, złącze USB-C.'),
(6, 1, 2, 'Samsung Galaxy Z Fold 6', 'Samsung Galaxy Z Fold 6 to przełomowy smartfon z elastycznym wyświetlaczem, który redefiniuje sposób korzystania z urządzeń mobilnych. Dzięki imponującemu ekranowi głównemu o przekątnej 7,6 cala, wykonanym w technologii Dynamic AMOLED 2X, oferuje niesamowite wrażenia wizualne, idealne do oglądania filmów, grania w gry oraz pracy wielozadaniowej. Wyjątkowość Z Fold 6 polega na możliwości jednoczesnego uruchamiania wielu aplikacji, co zwiększa produktywność użytkowników.\r\n\r\nDodatkowo, zewnętrzny wyświetlacz o przekątnej 6,2 cala pozwala na szybki dostęp do powiadomień i aplikacji bez konieczności otwierania telefonu. Potężny procesor Snapdragon 8 Gen 2 zapewnia płynne działanie, nawet przy najbardziej wymagających zadaniach. Zestaw aparatów, w tym główny 50 MP, umożliwia robienie wysokiej jakości zdjęć, a zaawansowane funkcje fotograficzne sprawiają, że każda fotografia wygląda jak dzieło sztuki.\r\n\r\nGalaxy Z Fold 6 został zaprojektowany z myślą o długim użytkowaniu, co potwierdza bateria o pojemności 4400 mAh oraz wsparcie dla szybkiego ładowania. Dzięki wodoodporności w standardzie IPX8, możesz korzystać z telefonu w różnych warunkach, a stylowy design sprawia, że Z Fold 6 to nie tylko narzędzie, ale także modny dodatek.', 7499.00, 34, 'assets/products/galaxy_z_fold_6.png', '2024-10-31 19:12:37', 'Wyświetlacz główny: Dynamic AMOLED 2X, 7,6 cala, rozdzielczość 2176 x 1812 pikseli, zagęszczenie 374 ppi, jasność do 1200 nitów, obsługa HDR10+ i 120 Hz.\r\n\r\nWyświetlacz zewnętrzny: Dynamic AMOLED 2X, 6,2 cala, rozdzielczość 2316 x 904 pikseli, zagęszczenie 402 ppi, obsługa HDR10+ i 120 Hz.\r\n\r\nProcesor: Qualcomm Snapdragon 8 Gen 2, 8-rdzeniowy z grafiką Adreno 740.\r\n\r\nPamięć: Dostępne wersje: 12 GB RAM oraz 256 GB, brak slotu na kartę microSD.\r\n\r\nAparat główny: Potrójny aparat – 50 MP (f/1.8, obiektyw standardowy), 12 MP (f/2.2, obiektyw ultraszerokokątny) oraz 10 MP (f/2.4, obiektyw teleobiektyw), możliwość nagrywania wideo w 8K.\r\n\r\nAparat przedni: 10 MP (f/2.2) oraz 4 MP (f/1.8, w podświetlanym wyświetlaczu), możliwość nagrywania wideo w 4K.\r\n\r\nBateria: Pojemność 4400 mAh, odtwarzanie wideo do 20 godzin, szybkie ładowanie (25 W), obsługa ładowania bezprzewodowego i odwrotnego ładowania.\r\n\r\nSystem operacyjny: Android 13 z interfejsem One UI.\r\n\r\nOdporność: Wodoodporność w standardzie IPX8 (do 1,5 metra przez maksymalnie 30 minut).\r\n\r\nŁączność: 5G, Wi-Fi 6E, Bluetooth 5.3, obsługa NFC, złącze USB-C.'),
(7, 1, 2, 'Samsung Galaxy Z Flip 6', 'Samsung Galaxy Z Flip 6 to nowoczesny smartfon typu flip, który łączy elegancki design z nowoczesną technologią. Jego składany wyświetlacz o przekątnej 6,7 cala, wykonany w technologii Dynamic AMOLED 2X, oferuje wspaniałe kolory i głębokie czernie, co sprawia, że multimedia nabierają życia. Dzięki unikalnemu mechanizmowi składania, Z Flip 6 można łatwo przechować w kieszeni, a po rozłożeniu oferuje imponujący ekran do przeglądania treści i korzystania z aplikacji.\r\n\r\nZewnętrzny wyświetlacz o przekątnej 3,4 cala umożliwia szybki podgląd powiadomień oraz sterowanie muzyką bez potrzeby otwierania telefonu. Z Flip 6 napędza potężny procesor Snapdragon 8 Gen 2, co zapewnia płynne działanie w każdej sytuacji. Aparaty, w tym podwójny aparat główny 12 MP, oferują doskonałą jakość zdjęć, a kreatywne tryby fotograficzne pozwalają na uchwycenie niezapomnianych momentów.\r\n\r\nBateria o pojemności 3700 mAh zapewnia długi czas pracy, a szybkie ładowanie i wsparcie dla ładowania bezprzewodowego sprawiają, że zawsze jesteś gotowy do działania. Dodatkowo, dzięki wodoodporności w standardzie IPX8, Z Flip 6 może towarzyszyć Ci w różnych warunkach. Elegancka konstrukcja oraz możliwość personalizacji sprawiają, że jest to urządzenie, które wyróżnia się na tle innych smartfonów.', 4589.00, 37, 'assets/products/Galaxy-Z-Flip-6.png', '2024-10-31 19:16:13', 'Wyświetlacz główny: Dynamic AMOLED 2X, 6,7 cala, rozdzielczość 2640 x 1080 pikseli, zagęszczenie 425 ppi, jasność do 1200 nitów, obsługa HDR10+ i 120 Hz.\r\n\r\nWyświetlacz zewnętrzny: Super AMOLED, 3,4 cala, rozdzielczość 720 x 748 pikseli, możliwość wyświetlania powiadomień i interakcji z aplikacjami.\r\n\r\nProcesor: Qualcomm Snapdragon 8 Gen 2, 8-rdzeniowy z grafiką Adreno 740.\r\n\r\nPamięć: 8 GB RAM oraz 256 GB pamięci wewnętrznej, brak slotu na kartę microSD.\r\n\r\nAparat główny: Podwójny aparat – 12 MP (f/1.8, obiektyw standardowy) oraz 12 MP (f/2.2, obiektyw ultraszerokokątny), możliwość nagrywania wideo w 4K.\r\n\r\nAparat przedni: 10 MP (f/2.4), możliwość nagrywania wideo w 4K.\r\n\r\nBateria: Pojemność 3700 mAh, odtwarzanie wideo do 15 godzin, szybkie ładowanie (25 W), obsługa ładowania bezprzewodowego i odwrotnego ładowania.\r\n\r\nSystem operacyjny: Android 13 z interfejsem One UI.\r\n\r\nOdporność: Wodoodporność w standardzie IPX8 (do 1,5 metra przez maksymalnie 30 minut).\r\n\r\nŁączność: 5G, Wi-Fi 6E, Bluetooth 5.3, obsługa NFC, złącze USB-C.'),
(8, 1, 3, 'Huawei Nova 12i', 'Huawei Nova 12i to stylowy smartfon, który łączy nowoczesny design z zaawansowanymi funkcjami. Wyposażony w imponujący 6,67-calowy wyświetlacz OLED o rozdzielczości 2400 x 1080 pikseli, oferuje wyjątkowe odwzorowanie kolorów oraz głęboką czerń, co sprawia, że oglądanie filmów i przeglądanie zdjęć to prawdziwa przyjemność. Jego smukła konstrukcja oraz atrakcyjne kolory sprawiają, że Nova 12i jest nie tylko wydajnym urządzeniem, ale także modnym akcesorium.\r\n\r\nSercem urządzenia jest potężny procesor, który zapewnia płynne działanie aplikacji i gier, a 8 GB pamięci RAM pozwala na komfortowe korzystanie z wielu aplikacji jednocześnie. Główny aparat o wysokiej rozdzielczości 108 MP gwarantuje niesamowitą jakość zdjęć, a dodatkowe obiektywy poszerzają możliwości fotograficzne, umożliwiając uchwycenie szerokich kadrów oraz detali. Bateria o pojemności 5000 mAh zapewnia długi czas pracy, a szybkie ładowanie sprawia, że zawsze jesteś gotowy do działania.\r\n\r\nDzięki systemowi operacyjnemu EMUI oraz wsparciu dla łączności 5G, Nova 12i oferuje doskonałe możliwości w zakresie komunikacji i multimediów. Nowoczesny design, mocne podzespoły oraz zaawansowane funkcje sprawiają, że Huawei Nova 12i to świetny wybór dla osób szukających smartfona łączącego elegancję z wydajnością.', 1199.00, 45, 'assets/products/HUAWEI-nova-12i.png', '2024-10-31 19:19:48', 'Wyświetlacz: 6,67 cala, rozdzielczość 2400 x 1080 pikseli, matowy panel IPS, odświeżanie 90 Hz, jasność do 450 nitów.\r\n\r\nProcesor: Kirin 710A.\r\n\r\nKarta graficzna: Mali-G51 MP4.\r\n\r\nPamięć: 8 GB RAM.\r\n\r\nDysk twardy: 128 GB (możliwość rozszerzenia za pomocą karty microSD).\r\n\r\nAparat główny: Podwójny aparat – 108 MP (główny) i 8 MP (ultraszerokokątny).\r\n\r\nAparat przedni: 16 MP.\r\n\r\nBateria: Pojemność 5000 mAh, do 15 godzin pracy na jednym ładowaniu, obsługa szybkiego ładowania 40 W.\r\n\r\nSystem operacyjny: EMUI 12 (oparty na Androidzie 11).\r\n\r\nŁączność: Wi-Fi 5, Bluetooth 5.0, port USB-C, złącze słuchawkowe 3,5 mm.'),
(9, 1, 3, 'Huawei Pura 70', 'Huawei Pura 70 to nowoczesny smartfon, który łączy elegancję z zaawansowanymi technologiami, idealny dla osób poszukujących urządzenia o wysokiej wydajności i atrakcyjnym designie. Wyposażony w duży 6,67-calowy wyświetlacz OLED o rozdzielczości 2400 x 1080 pikseli, zapewnia niesamowite wrażenia wizualne z żywymi kolorami i głęboką czernią, co czyni go idealnym do oglądania filmów i przeglądania zdjęć.\r\n\r\nSercem Huawei Pura 70 jest potężny procesor, który oferuje błyskawiczne działanie aplikacji oraz płynne doświadczenia podczas grania. Z 8 GB pamięci RAM i możliwością wyboru pamięci wewnętrznej do 256 GB, użytkownicy mają wystarczająco dużo miejsca na wszystkie swoje dane i multimedia. Dzięki podwójnemu aparatowi głównemu z głównym obiektywem 64 MP oraz ultraszerokokątnym 8 MP, Pura 70 umożliwia robienie wspaniałych zdjęć z każdym ujęciem, a dodatkowe funkcje fotograficzne sprawiają, że każda chwila jest uchwycona w doskonałej jakości.\r\n\r\nDzięki baterii o pojemności 5000 mAh, smartfon zapewnia długi czas pracy na jednym ładowaniu, a szybkie ładowanie umożliwia błyskawiczne uzupełnienie energii, gdy jest to potrzebne. Huawei Pura 70 działa na systemie operacyjnym EMUI, co zapewnia płynne i intuicyjne użytkowanie oraz dostęp do najnowszych funkcji. Elegancki wygląd, zaawansowane funkcje i doskonała jakość wykonania sprawiają, że Huawei Pura 70 to doskonały wybór dla wymagających użytkowników.', 2999.00, 37, 'assets/products/HUAWEI-Pura-70.png', '2024-10-31 19:21:28', 'Wyświetlacz: 6,5 cala, rozdzielczość 2400 x 1080 pikseli, matowy panel IPS, odświeżanie 90 Hz, jasność do 500 nitów.\r\n\r\nProcesor: Kirin 820E.\r\n\r\nKarta graficzna: Mali-G57.\r\n\r\nPamięć: 8 GB RAM.\r\n\r\nDysk twardy: 256 GB (możliwość rozszerzenia za pomocą karty microSD).\r\n\r\nAparat główny: Podwójny aparat – 64 MP (główny) i 2 MP (czujnik głębi).\r\n\r\nAparat przedni: 16 MP.\r\n\r\nBateria: Pojemność 4500 mAh, do 18 godzin pracy na jednym ładowaniu, obsługa szybkiego ładowania 40 W.\r\n\r\nSystem operacyjny: EMUI 12 (oparty na Androidzie 11).\r\n\r\nŁączność: Wi-Fi 6, Bluetooth 5.1, port USB-C, złącze słuchawkowe 3,5 mm.\r\n\r\nWymiary i waga: Wymiary: 160,5 x 73,9 x 8 mm, waga: około 185 g.'),
(10, 1, 3, 'Huawei Pura 70 Pro', 'Huawei Pura 70 Pro to flagowy smartfon, który łączy w sobie najwyższą jakość wykonania z zaawansowanymi technologiami, spełniając oczekiwania nawet najbardziej wymagających użytkowników. Wyposażony w elegancki 6,78-calowy wyświetlacz OLED o rozdzielczości 2800 x 1200 pikseli, Pura 70 Pro oferuje niesamowitą jakość obrazu z żywymi kolorami i doskonałym kontrastem, co sprawia, że każda scena ożywa na ekranie. Dzięki wysokiej jasności i obsłudze HDR10, korzystanie z multimediów staje się wyjątkowym doświadczeniem.\r\n\r\nSercem tego modelu jest wydajny procesor Kirin 9000, który zapewnia płynne działanie aplikacji i gier, a połączenie z 12 GB pamięci RAM oraz opcjami pamięci wewnętrznej do 512 GB pozwala na przechowywanie dużej ilości danych. Dzięki zaawansowanemu systemowi aparatów, w tym głównemu obiektywowi 108 MP, Pura 70 Pro umożliwia rejestrowanie niesamowitych zdjęć i filmów, oferując szereg funkcji, takich jak tryb nocny, tryb portretowy i zoom optyczny.\r\n\r\nDługotrwała bateria o pojemności 5000 mAh z funkcją szybkiego ładowania 66 W sprawia, że smartfon jest zawsze gotowy do działania, a nowoczesny system operacyjny EMUI 12 zapewnia intuicyjne użytkowanie i dostęp do najnowszych aplikacji. Dodatkowo, dzięki eleganckiemu designowi i wysokiej klasie odporności na kurz i wodę, Huawei Pura 70 Pro to idealny towarzysz dla osób ceniących sobie styl oraz funkcjonalność.', 3999.00, 23, 'assets/products/HUAWEI-Pura-70-Pro.png', '2024-10-31 19:22:52', 'Wyświetlacz: 6,7 cala, rozdzielczość 3200 x 1440 pikseli, OLED, odświeżanie 120 Hz, jasność do 800 nitów.\r\n\r\nProcesor: Kirin 9000.\r\n\r\nKarta graficzna: Mali-G78.\r\n\r\nPamięć: 12 GB RAM.\r\n\r\nDysk twardy: 512 GB (możliwość rozszerzenia za pomocą karty microSD).\r\n\r\nAparat główny: Potrójny aparat – 108 MP (główny), 12 MP (ultraszerokokątny) i 5 MP (makro).\r\n\r\nAparat przedni: 32 MP.\r\n\r\nBateria: Pojemność 5000 mAh, do 20 godzin pracy na jednym ładowaniu, obsługa szybkiego ładowania 66 W oraz bezprzewodowego ładowania.\r\n\r\nSystem operacyjny: HarmonyOS 2.0.\r\n\r\nŁączność: Wi-Fi 6, Bluetooth 5.2, port USB-C, złącze słuchawkowe 3,5 mm.\r\n\r\nWymiary i waga: Wymiary: 158,2 x 72,6 x 8,5 mm, waga: około 205 g.'),
(11, 1, 3, 'Huawei P50 Pro', 'Huawei P50 Pro to smartfon, który łączy w sobie elegancję z zaawansowaną technologią, stworzony dla tych, którzy cenią sobie wydajność oraz jakość wykonania. Posiada imponujący wyświetlacz OLED o przekątnej 6,6 cala, który oferuje rozdzielczość 2700 x 1224 pikseli. Dzięki technologii HDR i doskonałemu odwzorowaniu kolorów, użytkownicy mogą cieszyć się niesamowitymi wrażeniami wizualnymi podczas oglądania filmów czy przeglądania zdjęć.\r\n\r\nSerce tego modelu stanowi potężny procesor Kirin 9000, który gwarantuje płynne działanie aplikacji oraz gier, a także optymalizację zużycia energii. W połączeniu z 8 GB pamięci RAM oraz opcjami pamięci wewnętrznej 256 GB lub 512 GB, P50 Pro zapewnia wystarczającą przestrzeń na wszystkie Twoje dane.\r\n\r\nW aparacie Huawei P50 Pro zastosowano zaawansowany system kamer, w tym główny obiektyw 50 MP, który zapewnia doskonałe zdjęcia w różnych warunkach oświetleniowych. Dodatkowe obiektywy 40 MP (monochromatyczny) oraz 13 MP (szerokokątny) umożliwiają robienie jeszcze bardziej zróżnicowanych ujęć. Przedni aparat o rozdzielczości 13 MP pozwala na robienie świetnych selfie.\r\n\r\nBateria o pojemności 4360 mAh zapewnia długi czas pracy, a szybkie ładowanie 66 W oraz ładowanie bezprzewodowe 50 W sprawiają, że możesz szybko doładować swoje urządzenie. Huawei P50 Pro działa na systemie operacyjnym EMUI 12, który oferuje płynne i intuicyjne użytkowanie. Smartfon jest również odporny na wodę i kurz w standardzie IP68, co czyni go idealnym towarzyszem w codziennym użytkowaniu.', 1999.00, 48, 'assets/products/HUAWEI-P50-Pro.png', '2024-10-31 19:25:43', 'Wyświetlacz: 6,6 cala, rozdzielczość 2700 x 1224 pikseli, OLED, odświeżanie 120 Hz, jasność do 800 nitów.\r\n\r\nProcesor: Kirin 9000.\r\n\r\nKarta graficzna: Mali-G78.\r\n\r\nPamięć: 8 GB RAM.\r\n\r\nDysk twardy: 256 GB (możliwość rozszerzenia za pomocą karty microSD).\r\n\r\nAparat główny: Potrójny aparat – 50 MP (główny), 13 MP (ultraszerokokątny) i 64 MP (teleobiektyw).\r\n\r\nAparat przedni: 13 MP.\r\n\r\nBateria: Pojemność 4360 mAh, do 12 godzin pracy na jednym ładowaniu, obsługa szybkiego ładowania 66 W oraz bezprzewodowego ładowania.\r\n\r\nSystem operacyjny: HarmonyOS 2.0.\r\n\r\nŁączność: Wi-Fi 6, Bluetooth 5.2, port USB-C, złącze słuchawkowe 3,5 mm.\r\n\r\nWymiary i waga: Wymiary: 158,2 x 73,8 x 8,5 mm, waga: około 195 g.'),
(12, 1, 1, 'Apple iPhone 13', 'Apple iPhone 13 to smartfon, który łączy w sobie nowoczesny design z wyjątkową wydajnością. Wyposażony w zaawansowany wyświetlacz Super Retina XDR o przekątnej 6,1 cala, oferuje doskonałą jasność i niesamowite odwzorowanie kolorów, co czyni go idealnym do oglądania filmów oraz przeglądania zdjęć. Sercem urządzenia jest procesor A15 Bionic, który zapewnia płynne działanie, szybkość i efektywność, pozwalając na korzystanie z najnowszych aplikacji i gier.\r\n\r\nDzięki zaawansowanemu systemowi podwójnych aparatów, iPhone 13 oferuje doskonałą jakość zdjęć i filmów, nawet w trudnych warunkach oświetleniowych. Główny aparat 12 MP rejestruje szczegóły z niespotykaną precyzją, a tryb nocny sprawia, że zdjęcia w ciemności są jasne i wyraźne. Z kolei aparat przedni 12 MP z funkcją TrueDepth umożliwia robienie doskonałych selfie oraz korzystanie z Face ID.\r\n\r\nBateria iPhone\'a 13 zapewnia długi czas pracy, a możliwość szybkiego ładowania oraz obsługa ładowania bezprzewodowego MagSafe sprawiają, że urządzenie jest gotowe do działania w każdej chwili. Elegancka obudowa z wytrzymałego aluminium oraz wodoodporność IP68 zapewniają bezpieczeństwo w codziennym użytkowaniu.', 2349.00, 2, 'assets/products/APPLE_iPhone_13.png', '2024-10-31 22:14:48', 'Wyświetlacz: 6,1 cala, rozdzielczość 2532 x 1170 pikseli, Super Retina XDR OLED, jasność do 800 nitów (typowa), 1200 nitów (HDR).\r\n\r\nProcesor: Apple A15 Bionic.\r\n\r\nPamięć: 4 GB RAM.\r\n\r\nDysk twardy: 128 GB.\r\n\r\nAparat główny: Podwójny aparat – 12 MP (standardowy) i 12 MP (ultraszerokokątny), możliwość nagrywania wideo w 4K, tryb nocny.\r\n\r\nAparat przedni: 12 MP TrueDepth z obsługą Face ID.\r\n\r\nBateria: Pojemność 3240 mAh, do 19 godzin odtwarzania wideo, obsługa szybkiego ładowania (do 50% w 30 minut przy użyciu 20 W) oraz ładowania bezprzewodowego MagSafe.\r\n\r\nSystem operacyjny: iOS 15.\r\n\r\nOdporność: Wodoodporność i pyłoszczelność w standardzie IP68 (do 6 metrów głębokości przez maksymalnie 30 minut).\r\n\r\nŁączność: 5G, Wi-Fi 6, Bluetooth 5.0, złącze Lightning.\r\n\r\nWymiary i waga: Wymiary: 146,7 x 71,5 x 7,65 mm, waga: około 173 g.'),
(13, 1, 1, 'Apple iPhone 14', 'Apple iPhone 14 to smartfon, który przenosi użytkowników w nową erę mobilnej technologii, oferując zaawansowane funkcje w eleganckim i trwałym designie. Wyposażony w wyświetlacz Super Retina XDR o przekątnej 6,1 cala, zapewnia niesamowitą jasność i szczegółowość obrazu, co czyni go idealnym do oglądania filmów oraz przeglądania zdjęć w doskonałej jakości. Procesor A15 Bionic, znany z wyjątkowej wydajności, gwarantuje płynne działanie nawet podczas korzystania z najbardziej wymagających aplikacji i gier.\r\n\r\nW iPhone 14 zainstalowano udoskonalony system kamer, który umożliwia robienie znakomitych zdjęć i filmów w każdych warunkach oświetleniowych. Główny aparat 12 MP z trybem nocnym oraz ultraszerokokątny obiektyw 12 MP pozwalają uchwycić każdy moment z niespotykaną jakością. Dodatkowo, aparat przedni 12 MP z funkcją TrueDepth sprawia, że selfie są doskonałe, a funkcja Face ID zapewnia bezpieczeństwo i wygodę.\r\n\r\nDzięki pojemnej baterii, iPhone 14 oferuje długi czas pracy na jednym ładowaniu. Obsługuje szybkie ładowanie oraz ładowanie bezprzewodowe MagSafe, co zapewnia wygodę użytkowania. Całość zamknięta jest w solidnej obudowie, a certyfikat wodoodporności IP68 sprawia, że urządzenie jest odporne na kurz i zachlapania.', 2799.00, 75, 'assets/products/Smartfon-APPLE-14.png', '2024-10-31 22:15:43', 'Wyświetlacz: 6,1 cala, rozdzielczość 2556 x 1179 pikseli, Super Retina XDR OLED, jasność do 800 nitów (typowa), 1200 nitów (HDR).\r\n\r\nProcesor: Apple A15 Bionic.\r\n\r\nPamięć: 6 GB RAM.\r\n\r\nDysk twardy: 128 GB.\r\n\r\nAparat główny: Podwójny aparat – 12 MP (standardowy) i 12 MP (ultraszerokokątny), możliwość nagrywania wideo w 4K, tryb nocny, tryb makro.\r\n\r\nAparat przedni: 12 MP TrueDepth z obsługą Face ID.\r\n\r\nBateria: Pojemność 3279 mAh, do 20 godzin odtwarzania wideo, obsługa szybkiego ładowania (do 50% w 30 minut przy użyciu 20 W) oraz ładowania bezprzewodowego MagSafe.\r\n\r\nSystem operacyjny: iOS 16.\r\n\r\nOdporność: Wodoodporność i pyłoszczelność w standardzie IP68 (do 6 metrów głębokości przez maksymalnie 30 minut).\r\n\r\nŁączność: 5G, Wi-Fi 6, Bluetooth 5.3, złącze Lightning.\r\n\r\nWymiary i waga: Wymiary: 146,7 x 71,5 x 7,8 mm, waga: około 172 g.'),
(14, 1, 1, 'Apple iPhone 15 Pro Max', 'Apple iPhone 15 Pro Max to flagowy model, który łączy w sobie najwyższą jakość wykonania z przełomową technologią. Wyposażony w imponujący wyświetlacz Super Retina XDR o przekątnej 6,7 cala, oferuje niesamowitą szczegółowość i odwzorowanie kolorów, co czyni go idealnym do konsumowania treści multimedialnych oraz pracy z aplikacjami. Dzięki zastosowaniu procesora A17 Pro, zaprojektowanego z myślą o maksymalnej wydajności, iPhone 15 Pro Max zapewnia wyjątkową szybkość działania i płynność, nawet w przypadku najbardziej wymagających gier i aplikacji.\r\n\r\nNowy system kamer w iPhone 15 Pro Max z potrójnym aparatem obejmuje 48 MP obiektyw standardowy, 12 MP obiektyw ultraszerokokątny oraz 12 MP teleobiektyw, co pozwala na uchwycenie niesamowitych zdjęć w każdych warunkach oświetleniowych. Dzięki technologii ProRAW i ProRes, użytkownicy mogą cieszyć się zaawansowanym edytowaniem zdjęć i filmów. Dodatkowo, aparat przedni 12 MP z obsługą Face ID zapewnia łatwe odblokowywanie telefonu oraz wykonywanie doskonałych selfie.\r\n\r\nZ baterią o dużej pojemności, iPhone 15 Pro Max zapewnia długi czas pracy, a dzięki szybkiemu ładowaniu oraz ładowaniu bezprzewodowemu MagSafe, można go szybko naładować. Obudowa z tytanu sprawia, że jest nie tylko elegancki, ale również odporny na uszkodzenia, a certyfikat IP68 gwarantuje odporność na kurz i zachlapania.', 6499.00, 33, 'assets/products/APPLE-iPhone-15-Pro-Max.png', '2024-10-31 22:17:17', 'Wyświetlacz: 6,7 cala, rozdzielczość 2796 x 1290 pikseli, Super Retina XDR OLED, jasność do 1000 nitów (typowa), 2000 nitów (HDR).\r\n\r\nProcesor: Apple A17 Pro.\r\n\r\nPamięć: 8 GB RAM.\r\n\r\nDysk twardy: 256 GB.\r\n\r\nAparat główny: Potrójny aparat – 48 MP (standardowy) z f/1.8, 12 MP (ultraszerokokątny) z f/2.2 i 12 MP (teleobiektyw) z f/2.8, możliwość nagrywania wideo w 4K, tryb nocny, tryb makro, obsługa ProRAW i ProRes.\r\n\r\nAparat przedni: 12 MP TrueDepth z obsługą Face ID, możliwość nagrywania wideo w 4K.\r\n\r\nBateria: Pojemność 4422 mAh, do 29 godzin odtwarzania wideo, obsługa szybkiego ładowania (do 50% w 30 minut przy użyciu 20 W) oraz ładowania bezprzewodowego MagSafe.\r\n\r\nSystem operacyjny: iOS 17.\r\n\r\nOdporność: Wodoodporność i pyłoszczelność w standardzie IP68 (do 6 metrów głębokości przez maksymalnie 30 minut).\r\n\r\nŁączność: 5G, Wi-Fi 6E, Bluetooth 5.3, złącze USB-C.\r\n\r\nWymiary i waga: Wymiary: 159,9 x 76,7 x 8,25 mm, waga: około 221 g.'),
(16, 2, 1, 'Apple MacBook Pro 2024', 'Apple MacBook Pro 2024 to potężny laptop stworzony z myślą o profesjonalistach i twórcach, którzy potrzebują maksymalnej wydajności w kompaktowej formie. Wyposażony w nowoczesny procesor Apple M3 Pro, oferuje niezwykłą moc obliczeniową, co sprawia, że jest idealnym narzędziem do intensywnych zadań, takich jak edycja wideo, projektowanie graficzne czy programowanie. Jego wyjątkowy wyświetlacz Liquid Retina XDR zapewnia niesamowite odwzorowanie kolorów i doskonałą jasność, co pozwala na precyzyjną pracę w każdym oświetleniu.\r\n\r\nZastosowanie zaawansowanej technologii chłodzenia oraz długi czas pracy na baterii sprawiają, że MacBook Pro 2024 jest idealny dla osób pracujących w ruchu. Dzięki różnorodnym portom, w tym Thunderbolt 4, użytkownicy mogą łatwo podłączać zewnętrzne urządzenia i akcesoria. Wysokiej jakości wykonanie, elegancki design oraz niezawodność systemu macOS czynią go doskonałym wyborem dla każdego profesjonalisty.', 8499.00, 48, 'assets/products/MacBook-Pro-14.png', '2024-10-31 22:22:09', 'Wyświetlacz: 14,2 cala, rozdzielczość 3024 x 1964 pikseli, matryca Liquid Retina XDR.\r\n\r\nProcesor: Apple M3 Pro.\r\n\r\nPamięć: 16 GB Unified Memory.\r\n\r\nDysk twardy: 512 GB SSD.\r\n\r\nAparat: 1080p FaceTime HD.\r\n\r\nBateria: Pojemność 70 Wh, do 18 godzin pracy na jednym ładowaniu.\r\n\r\nSystem operacyjny: macOS Ventura.\r\n\r\nŁączność: Wi-Fi 6E, Bluetooth 5.3, porty Thunderbolt 4, HDMI, złącze słuchawkowe 3,5 mm.\r\n\r\nWymiary i waga: Wymiary: 313,4 x 220,6 x 15,5 mm, waga: około 1,6 kg.'),
(17, 2, 3, 'Huawei MateBook 16s', 'Huawei MateBook 16s to elegancki i wydajny laptop, stworzony z myślą o profesjonalistach oraz kreatywnych użytkownikach, którzy cenią sobie mobilność i wysoką wydajność. Wyposażony w duży, 16-calowy wyświetlacz IPS o rozdzielczości 2880 x 1920 pikseli, MateBook 16s zapewnia doskonałą jakość obrazu oraz szerokie kąty widzenia, co czyni go idealnym narzędziem do pracy z grafiką i multimediami.\r\n\r\nSercem laptopa jest procesor Intel Core 13. generacj i7, który zapewnia płynne działanie nawet w przypadku najbardziej wymagających aplikacji. Zintegrowana grafika Intel Iris Xe oraz opcjonalna karta graficzna pozwalają na komfortową pracę z programami graficznymi i grami. MateBook 16s oferuje także duży wybór pamięci RAM oraz szybkie dyski SSD, co znacząco przyspiesza pracę systemu.\r\n\r\nLaptop jest wyposażony w szereg nowoczesnych portów, w tym USB-C i HDMI, co pozwala na łatwe podłączanie dodatkowych urządzeń. Dzięki pojemnej baterii i technologii szybkiego ładowania, MateBook 16s zapewnia długi czas pracy na jednym ładowaniu. Elegancka metalowa obudowa sprawia, że laptop prezentuje się bardzo stylowo, a jego lekka konstrukcja pozwala na komfortowe przenoszenie.', 3499.00, 46, 'assets/products/matebook_16s.png', '2024-10-31 22:25:54', 'Wyświetlacz: 16 cali, rozdzielczość 2520 x 1680 pikseli, matowy panel IPS, jasność do 300 nitów.\r\n\r\nProcesor: Intel Core i7-12700H.\r\n\r\nPamięć: 16 GB RAM.\r\n\r\nDysk twardy: 512 GB SSD.\r\n\r\nAparat: 1080p HD z funkcją redukcji szumów.\r\n\r\nBateria: Pojemność 84 Wh, do 12 godzin pracy na jednym ładowaniu, obsługa szybkiego ładowania.\r\n\r\nSystem operacyjny: Windows 11 Home.\r\n\r\nŁączność: Wi-Fi 6, Bluetooth 5.1, porty USB-C, USB-A, HDMI, złącze słuchawkowe 3,5 mm.\r\n\r\nWymiary i waga: Wymiary: 356,1 x 245,6 x 17,4 mm, waga: około 1,7 kg.'),
(18, 2, 1, 'Apple MacBook Air', 'Apple MacBook Air to ultralekki laptop, który łączy w sobie elegancki design z niezwykłą wydajnością. Idealny dla studentów i profesjonalistów, którzy potrzebują mobilnego urządzenia do codziennych zadań. Dzięki procesorowi Apple M2, MacBook Air oferuje znakomitą moc obliczeniową, co sprawia, że można bezproblemowo korzystać z wielu aplikacji jednocześnie, edytować zdjęcia czy oglądać filmy w wysokiej jakości.\r\n\r\nWyposażony w wyświetlacz Retina o przekątnej 13,6 cala, MacBook Air zapewnia żywe kolory oraz ostrość obrazu, co czyni go idealnym do pracy oraz rozrywki. Długi czas pracy na baterii umożliwia korzystanie z laptopa przez cały dzień bez potrzeby ładowania, a jego smukła konstrukcja ułatwia transport. MacBook Air jest również przyjazny dla środowiska, z zastosowaniem materiałów z recyklingu.', 4499.00, 36, 'assets/products/MacBook-Air-13.png', '2024-10-31 22:29:31', 'Wyświetlacz: 13,6 cala, rozdzielczość 2560 x 1664 pikseli, matryca Retina.\r\n\r\nProcesor: Apple M2.\r\n\r\nPamięć: 8 GB Unified Memory.\r\n\r\nDysk twardy: 256 GB SSD.\r\n\r\nAparat: 1080p FaceTime HD.\r\n\r\nBateria: Pojemność 52,6 Wh, do 18 godzin pracy na jednym ładowaniu.\r\n\r\nSystem operacyjny: macOS Ventura.\r\n\r\nŁączność: Wi-Fi 6, Bluetooth 5.0, porty Thunderbolt 3, złącze słuchawkowe 3,5 mm.\r\n\r\nWymiary i waga: Wymiary: 304,1 x 215,6 x 11,3 mm, waga: około 1,24 kg.'),
(19, 2, 1, 'Apple MacBook Air 2024', 'Apple MacBook Air 2024 to najnowsza wersja legendarnego laptopa, łącząca elegancki design z wydajnością, która zaspokaja potrzeby nawet najbardziej wymagających użytkowników. Wyposażony w nowoczesny procesor Apple M3, ten ultralekki laptop oferuje niesamowitą moc obliczeniową, umożliwiając płynne działanie aplikacji i gier. Dzięki długiemu czasowi pracy na baterii, MacBook Air 2024 jest idealnym wyborem dla osób pracujących w podróży oraz studentów.\r\n\r\nEkran Retina o przekątnej 13,6 cala zapewnia znakomitą jakość obrazu z żywymi kolorami i wysoką rozdzielczością, co sprawia, że oglądanie filmów, przeglądanie zdjęć czy praca z grafiką staje się przyjemnością. Innowacyjne technologie Apple, takie jak Liquid Retina, zapewniają doskonały kontrast i szeroki kąt widzenia.\r\n\r\nDzięki portom Thunderbolt 4 i złączu słuchawkowemu, MacBook Air 2024 umożliwia łatwe podłączanie zewnętrznych urządzeń i akcesoriów. Jego lekka konstrukcja oraz solidne wykonanie sprawiają, że laptop jest nie tylko funkcjonalny, ale także stylowy i gotowy na każdą okazję.', 5299.00, 37, 'assets/products/APPLE-MACBOOK-AIR-2024.png', '2024-10-31 22:31:16', 'Wyświetlacz: 13,6 cala, rozdzielczość 2560 x 1664 pikseli, Retina, jasność do 500 nitów.\r\n\r\nProcesor: Apple M2.\r\n\r\nPamięć: 8 GB RAM.\r\n\r\nDysk twardy: 512 GB SSD.\r\n\r\nAparat: 1080p FaceTime HD.\r\n\r\nBateria: Pojemność 52.6 Wh, do 18 godzin pracy na jednym ładowaniu, obsługa szybkiego ładowania.\r\n\r\nSystem operacyjny: macOS Ventura.\r\n\r\nŁączność: Wi-Fi 6E, Bluetooth 5.3, porty Thunderbolt 4, złącze słuchawkowe 3,5 mm.\r\n\r\nWymiary i waga: Wymiary: 304,1 x 212,4 x 11,6 mm, waga: około 1,24 kg.'),
(20, 2, 3, 'Huawei MateBook D 14', 'Huawei MateBook D 14 to wszechstronny laptop, który łączy stylowy design z solidną wydajnością, idealny dla studentów i profesjonalistów. Wyposażony w ekran o przekątnej 14 cali i wąskich ramkach, zapewnia doskonałą jakość obrazu, a rozdzielczość Full HD sprawia, że każdy obraz jest ostry i wyraźny. Jego smukła i lekka konstrukcja sprawia, że łatwo go zabrać wszędzie, a elegancki wygląd dopełnia nowoczesny styl.\r\n\r\nW sercu MateBooka D 14 znajduje się wydajny procesor AMD, który umożliwia płynne działanie nawet przy intensywnych zadaniach. Laptop oferuje wystarczającą ilość pamięci RAM oraz szybką pamięć SSD, co przekłada się na błyskawiczne uruchamianie systemu oraz aplikacji. Dodatkowo, dzięki dużej pojemności baterii, użytkownicy mogą cieszyć się długim czasem pracy bez potrzeby ładowania.\r\n\r\nHuawei MateBook D 14 zapewnia również wygodę użytkowania dzięki podświetlanej klawiaturze i precyzyjnemu gładzikowi, co sprawia, że pisanie i nawigacja są wyjątkowo komfortowe. Obsługuje również technologię Huawei Share, co umożliwia łatwe i szybkie przesyłanie plików między urządzeniami Huawei.', 3699.00, 0, 'assets/products/HUAWEI-MateBook-D.png', '2024-10-31 22:33:00', 'Wyświetlacz: 14 cali, rozdzielczość 1920 x 1080 pikseli, matowy panel IPS, jasność do 300 nitów.\r\n\r\nProcesor: AMD Ryzen 5 5500U.\r\n\r\nPamięć: 16 GB DDR4 RAM.\r\n\r\nDysk twardy: 512 GB SSD.\r\n\r\nAparat: 720p HD zintegrowany z mikrofonem.\r\n\r\nBateria: Pojemność 56 Wh, do 10 godzin pracy na jednym ładowaniu, obsługa szybkiego ładowania.\r\n\r\nSystem operacyjny: Windows 11 Home.\r\n\r\nŁączność: Wi-Fi 6, Bluetooth 5.0, porty USB-C, USB-A, HDMI, złącze słuchawkowe 3,5 mm.\r\n\r\nWymiary i waga: Wymiary: 322 x 214 x 15,9 mm, waga: około 1,38 kg.'),
(21, 2, 3, 'Huawei MateBook D 16', 'Huawei MateBook D 16 to nowoczesny laptop, który łączy wydajność z eleganckim designem, idealny dla profesjonalistów i studentów. Wyposażony w duży 16-calowy wyświetlacz o wysokiej rozdzielczości, zapewnia imponującą jakość obrazu, co sprawia, że praca z multimediami i dokumentami jest niezwykle komfortowa. Dzięki smukłej konstrukcji i minimalistycznemu wyglądowi, MateBook D 16 doskonale wpisuje się w nowoczesny styl życia.\r\n\r\nLaptop napędza wydajny procesor Intel Core 11. generacji, co gwarantuje płynne działanie nawet przy bardziej wymagających zadaniach. W połączeniu z dużą ilością pamięci RAM oraz szybką pamięcią SSD, użytkownicy mogą cieszyć się błyskawicznym uruchamianiem systemu i aplikacji, a także łatwym multitaskingiem.\r\n\r\nDzięki długiemu czasowi pracy na baterii, Huawei MateBook D 16 pozwala na pracę w ruchu bez potrzeby ładowania. Komfort pisania zapewnia podświetlana klawiatura, a precyzyjny gładzik ułatwia nawigację. Dodatkowo, technologia Huawei Share umożliwia bezproblemowe przesyłanie plików pomiędzy urządzeniami Huawei, co zwiększa produktywność.', 3999.00, 37, 'assets/products/HUAWEI-MateBook-D16.png', '2024-10-31 22:34:50', 'Wyświetlacz: 16 cali, rozdzielczość 1920 x 1200 pikseli, matowy panel IPS, jasność do 300 nitów.\r\n\r\nProcesor: Intel Core i5-12450H.\r\n\r\nPamięć: 16 GB DDR4 RAM.\r\n\r\nDysk twardy: 512 GB SSD.\r\n\r\nAparat: 720p HD zintegrowany z mikrofonem.\r\n\r\nBateria: Pojemność 60 Wh, do 8 godzin pracy na jednym ładowaniu, obsługa szybkiego ładowania.\r\n\r\nSystem operacyjny: Windows 11 Home.\r\n\r\nŁączność: Wi-Fi 6, Bluetooth 5.1, porty USB-C, USB-A, HDMI, złącze słuchawkowe 3,5 mm.\r\n\r\nWymiary i waga: Wymiary: 357 x 245 x 16,9 mm, waga: około 1,68 kg.'),
(22, 2, 4, 'Lenovo Yoga Slim 7', 'Lenovo Yoga Slim 7 to ultracienki laptop, który łączy w sobie stylowy design z potężną wydajnością, stworzony z myślą o użytkownikach poszukujących mobilności i funkcjonalności. Wyposażony w 14-calowy wyświetlacz, oferuje znakomitą jakość obrazu z wąskimi ramkami, co zwiększa komfort pracy i rozrywki. Dzięki wyjątkowo lekkiej konstrukcji i eleganckim liniom, Yoga Slim 7 jest idealnym towarzyszem dla osób w ruchu.\r\n\r\nLaptop zasilany jest procesorem AMD Ryzen, co zapewnia szybkie działanie w codziennych zadaniach oraz podczas bardziej wymagających aplikacji i gier. W połączeniu z dużą ilością pamięci RAM oraz szybkim dyskiem SSD, użytkownicy mogą cieszyć się sprawnym działaniem i błyskawicznym dostępem do danych.\r\n\r\nDzięki długiemu czasowi pracy na baterii, Yoga Slim 7 pozwala na intensywną pracę bez potrzeby ładowania. Dodatkowo, laptop obsługuje szybkie ładowanie, co sprawia, że nawet krótka przerwa wystarczy, by przywrócić mu energię. Klawiatura jest podświetlana, co umożliwia komfortowe pisanie w każdych warunkach oświetleniowych.\r\n\r\nYoga Slim 7 wyróżnia się także szeregiem portów, w tym USB-C i USB-A, co pozwala na łatwe podłączanie różnych akcesoriów. Dzięki wbudowanym technologiom, takim jak Wi-Fi 6, zapewnia szybkie połączenia z internetem, co czyni go idealnym narzędziem do pracy zdalnej.', 6399.00, 48, 'assets/products/LENOVO-Yoga-Slim-7.png', '2024-10-31 22:39:50', 'Wyświetlacz: 14 cali, rozdzielczość 1920 x 1080 pikseli, matowy panel IPS, jasność do 300 nitów.\r\n\r\nProcesor: AMD Ryzen 7 5800U.\r\n\r\nPamięć: 16 GB LPDDR4X RAM.\r\n\r\nDysk twardy: 512 GB SSD.\r\n\r\nAparat: 720p HD zintegrowany z mikrofonem.\r\n\r\nBateria: Pojemność 60 Wh, do 15 godzin pracy na jednym ładowaniu, obsługa szybkiego ładowania.\r\n\r\nSystem operacyjny: Windows 11 Home.\r\n\r\nŁączność: Wi-Fi 6, Bluetooth 5.0, porty USB-C, USB-A, HDMI, złącze słuchawkowe 3,5 mm.\r\n\r\nWymiary i waga: Wymiary: 315 x 205 x 14,9 mm, waga: około 1,4 kg.'),
(23, 2, 4, 'Lenovo IdeaPad 3', 'Lenovo IdeaPad 3 to wszechstronny laptop stworzony z myślą o codziennym użytkowaniu, łączący wydajność z przystępną ceną. Wyposażony w 15,6-calowy wyświetlacz o rozdzielczości Full HD, oferuje doskonałą jakość obrazu oraz wygodę podczas pracy i rozrywki. Z procesorem AMD Ryzen 5 5500U laptop zapewnia płynne działanie w aplikacjach biurowych oraz podczas przeglądania internetu.\r\n\r\nZ myślą o użytkownikach, którzy cenią sobie mobilność, IdeaPad 3 ma smukły profil i stosunkowo niską wagę, co ułatwia jego transport. Dzięki solidnej konstrukcji, pojemnej baterii i wystarczającej ilości pamięci RAM, ten model sprawdzi się w różnych zastosowaniach, od pracy po rozrywkę.', 1999.00, 34, 'assets/products/LENOVO-IdeaPad-3.png', '2024-10-31 22:41:48', 'Wyświetlacz: 15,6 cala, rozdzielczość 1920 x 1080 pikseli, matowy panel IPS.\r\n\r\nProcesor: AMD Ryzen 5 5500U.\r\n\r\nPamięć: 8 GB DDR4 RAM.\r\n\r\nDysk twardy: 512 GB SSD (NVMe).\r\n\r\nAparat: 720p HD zintegrowany z mikrofonem.\r\n\r\nBateria: Pojemność 38 Wh, do 7 godzin pracy na jednym ładowaniu.\r\n\r\nSystem operacyjny: Windows 11 Home.\r\n\r\nŁączność: Wi-Fi 5, Bluetooth 5.0, porty USB-C, USB-A, HDMI, złącze słuchawkowe 3,5 mm.\r\n\r\nWymiary i waga: Wymiary: 362 x 253 x 19,9 mm, waga: około 1,65 kg.'),
(25, 2, 4, 'Lenovo IdeaPad Gaming 3', 'przystępnej cenie. Dzięki mocnym podzespołom, ten laptop pozwala na uruchamianie najnowszych gier oraz intensywnych aplikacji multimedialnych, co czyni go idealnym wyborem zarówno dla casualowych graczy, jak i tych szukających lepszej wydajności.\r\n\r\nWyposażony w 15,6-calowy wyświetlacz o rozdzielczości Full HD (1920 x 1080 pikseli) z matową powłoką, laptop oferuje wyraźny i płynny obraz, co jest szczególnie istotne podczas długich sesji gamingowych. Z odświeżaniem do 120 Hz oraz technologią NVIDIA G-Sync, IdeaPad Gaming 3 zapewnia minimalizację zacięć i smużenia, co wpływa na lepsze wrażenia z gry.\r\n\r\nSercem urządzenia jest procesor AMD Ryzen 5, wspierany przez dedykowaną kartę graficzną NVIDIA GeForce GTX, co pozwala na uruchamianie gier w wysokiej jakości graficznej. Dodatkowo, laptop oferuje szybki dysk SSD, co przekłada się na krótsze czasy ładowania systemu i aplikacji.\r\n\r\nKlawiatura z podświetleniem RGB oraz odpowiednio zaprojektowany system chłodzenia zapewniają komfort i efektywność, nawet podczas najbardziej wymagających zadań. Lenovo IdeaPad Gaming 3 to solidny wybór dla graczy poszukujących laptopa z dobrym stosunkiem jakości do ceny.', 2899.00, 37, 'assets/products/LENOVO-IdeaPad-Gaming-3.png', '2024-10-31 22:43:49', 'Wyświetlacz: 15,6 cala, rozdzielczość 1920 x 1080 pikseli, matowy panel IPS, odświeżanie 120 Hz, jasność do 250 nitów.\r\n\r\nProcesor: AMD Ryzen 5 5600H.\r\n\r\nKarta graficzna: NVIDIA GeForce GTX 1650.\r\n\r\nPamięć: 8 GB DDR4 RAM, z możliwością rozszerzenia do 16 GB.\r\n\r\nDysk twardy: 512 GB SSD (NVMe).\r\n\r\nAparat: 720p HD zintegrowany z mikrofonem.\r\n\r\nBateria: Pojemność 45 Wh, do 6 godzin pracy na jednym ładowaniu, obsługa szybkiego ładowania.\r\n\r\nSystem operacyjny: Windows 10 Home (możliwość aktualizacji do Windows 11).\r\n\r\nŁączność: Wi-Fi 5, Bluetooth 5.0, porty USB-C, USB-A, HDMI, Ethernet, złącze słuchawkowe 3,5 mm.\r\n\r\nWymiary i waga: Wymiary: 365 x 254 x 24 mm, waga: około 2,2 kg.'),
(26, 2, 4, 'Lenovo ThinkBook 16 G7', 'Lenovo ThinkBook 16 G7 to profesjonalny laptop zaprojektowany z myślą o wymagających użytkownikach, którzy potrzebują wydajności i niezawodności w pracy. Wyposażony w dużą, 16-calową matrycę o rozdzielczości Full HD, zapewnia doskonałą jakość obrazu oraz komfort podczas długotrwałego korzystania. Jego nowoczesny design i solidna konstrukcja sprawiają, że idealnie sprawdzi się w biurze, jak i w terenie.\r\n\r\nDzięki procesorowi Intel Core i7 1260P, laptop oferuje dużą moc obliczeniową, umożliwiając jednoczesne uruchamianie wielu aplikacji bez spadku wydajności. ThinkBook 16 G7 jest również wyposażony w wysokowydajny dysk SSD, co pozwala na szybkie uruchamianie systemu i aplikacji, a 16 GB pamięci RAM zapewnia płynność pracy. Dodatkowe funkcje, takie jak wytrzymała bateria i zaawansowane opcje łączności, czynią go idealnym narzędziem dla profesjonalistów.', 5199.00, 59, 'assets/products/LENOVO-ThinkBook-16-G7.png', '2024-10-31 22:46:21', 'Wyświetlacz: 16 cali, rozdzielczość 1920 x 1200 pikseli, matowy panel IPS.\r\n\r\nProcesor: Intel Core i7 1260P.\r\n\r\nPamięć: 16 GB DDR4 RAM.\r\n\r\nDysk twardy: 512 GB SSD (NVMe).\r\n\r\nAparat: 720p HD zintegrowany z mikrofonem.\r\n\r\nBateria: Pojemność 57 Wh, do 8 godzin pracy na jednym ładowaniu.\r\n\r\nSystem operacyjny: Windows 11 Pro.\r\n\r\nŁączność: Wi-Fi 6E, Bluetooth 5.1, porty USB-C, USB-A, HDMI, Ethernet, złącze słuchawkowe 3,5 mm.\r\n\r\nWymiary i waga: Wymiary: 363 x 252 x 19,9 mm, waga: około 1,8 kg.'),
(27, 3, 1, 'Apple iPad 10 gen 10.9\"', 'Apple iPad 10.9\" 10. generacji to uniwersalny tablet, idealny zarówno do codziennych zadań, jak i rozrywki. Dzięki wyświetlaczowi Liquid Retina o przekątnej 10,9 cala zapewnia wyraźny i kolorowy obraz, doskonały do oglądania filmów, przeglądania stron internetowych i korzystania z aplikacji. Nowoczesny chip A14 Bionic zapewnia płynne działanie, sprawiając, że iPad jest idealny do pracy wielozadaniowej, gier, a także edycji zdjęć i wideo. Wsparcie dla Apple Pencil i klawiatury Magic Keyboard Folio rozszerza jego możliwości, czyniąc go niezwykle wszechstronnym urządzeniem.', 1699.00, 0, 'assets/products/APPLE-iPad-10.9.png', '2024-11-02 10:20:06', 'Wyświetlacz: 10,9 cala, rozdzielczość 2360 x 1640 pikseli, panel Liquid Retina IPS, jasność do 500 nitów.\r\n\r\nProcesor: Apple A14 Bionic, 6-rdzeniowy CPU, 4-rdzeniowy GPU.\r\n\r\nPamięć: 4 GB RAM.\r\n\r\nDysk twardy: 64 GB pamięci wewnętrznej.\r\n\r\nAparat główny: 12 MP (f/1.8), nagrywanie wideo 4K.\r\n\r\nAparat przedni: 12 MP Ultra Wide (f/2.4), obsługa Center Stage.\r\n\r\nBateria: Litowo-polimerowa, do 10 godzin pracy na jednym ładowaniu.\r\n\r\nSystem operacyjny: iPadOS 16.\r\n\r\nŁączność: Wi-Fi 6, Bluetooth 5.2, port USB-C, obsługa Apple Pencil (1. generacji).');
INSERT INTO `products` (`product_id`, `category_id`, `producer_id`, `product_name`, `description`, `price`, `stock_quantity`, `image_path`, `added_at`, `specification`) VALUES
(28, 3, 4, 'Lenovo Tab M11 10.95\"', 'Lenovo Tab M11 to wszechstronny tablet o przekątnej 10,95 cala, idealny do pracy, nauki i rozrywki. Jego wyświetlacz IPS zapewnia żywe kolory i szerokie kąty widzenia, co sprawia, że doskonale nadaje się do oglądania filmów, przeglądania stron i korzystania z aplikacji. Dzięki procesorowi MediaTek i wystarczającej ilości pamięci RAM, Lenovo Tab M11 oferuje płynne działanie przy codziennych zadaniach, a bateria o dużej pojemności pozwala na długie godziny pracy bez konieczności ładowania.', 849.00, 85, 'assets/products/LENOVO-Tab-M11.png', '2024-11-02 10:22:59', 'Wyświetlacz: 10,95 cala, rozdzielczość 2000 x 1200 pikseli, panel IPS, jasność do 400 nitów.\r\n\r\nProcesor: MediaTek Helio G88, 8-rdzeniowy CPU.\r\n\r\nPamięć: 4 GB RAM.\r\n\r\nDysk twardy: 128 GB pamięci wewnętrznej, z możliwością rozszerzenia kartą microSD.\r\n\r\nAparat główny: 8 MP.\r\n\r\nAparat przedni: 8 MP.\r\n\r\nBateria: Pojemność 7700 mAh, do 12 godzin pracy na jednym ładowaniu.\r\n\r\nSystem operacyjny: Android 12.\r\n\r\nŁączność: Wi-Fi 5, Bluetooth 5.0, port USB-C, złącze słuchawkowe 3,5 mm.'),
(29, 3, 2, 'Samsung Galaxy Tab A9+ 11\"', 'Samsung Galaxy Tab A9+ to wszechstronny tablet z dużym ekranem 11 cali, zaprojektowany z myślą o rozrywce i codziennych zadaniach. Dzięki wyświetlaczowi LCD o wysokiej rozdzielczości oraz solidnej konstrukcji, tablet sprawdzi się zarówno do oglądania filmów, przeglądania treści, jak i nauki czy pracy. Wydajny procesor Snapdragon oraz odpowiednia ilość pamięci RAM zapewniają płynne działanie przy wielu aplikacjach, a pojemna bateria pozwala na długi czas użytkowania bez konieczności częstego ładowania.', 1299.00, 94, 'assets/products/SAMSUNG-Galaxy-Tab-A9.png', '2024-11-02 10:23:49', 'Wyświetlacz: 11 cali, rozdzielczość 1920 x 1200 pikseli, panel LCD, jasność do 400 nitów.\r\n\r\nProcesor: Qualcomm Snapdragon 695, 8-rdzeniowy.\r\n\r\nPamięć: 4 GB RAM.\r\n\r\nDysk twardy: 64 GB pamięci wewnętrznej, z możliwością rozszerzenia kartą microSD.\r\n\r\nAparat główny: 8 MP.\r\n\r\nAparat przedni: 5 MP.\r\n\r\nBateria: Pojemność 7040 mAh, do 12 godzin pracy na jednym ładowaniu.\r\n\r\nSystem operacyjny: Android 13.\r\n\r\nŁączność: Wi-Fi 5, Bluetooth 5.1, port USB-C, złącze słuchawkowe 3,5 mm.'),
(30, 3, 1, 'Apple iPad mini 7 gen 8.3\"', 'Apple iPad mini 7. generacji to kompaktowy, wszechstronny tablet o przekątnej 8,3 cala, idealny do przeglądania treści, pracy w podróży i rozrywki. Dzięki wyświetlaczowi Liquid Retina i zaawansowanemu procesorowi iPad mini oferuje doskonałą jakość obrazu i wydajność, zachowując przy tym wyjątkową lekkość i poręczność. Obsługa Apple Pencil (2. generacji) sprawia, że jest idealnym narzędziem do notatek i rysowania.', 2599.00, 49, 'assets/products/ipad_mini_7gen.png', '2024-11-02 10:26:18', 'Wyświetlacz: 8,3 cala, rozdzielczość 2266 x 1488 pikseli, panel Liquid Retina, True Tone, jasność do 500 nitów.\r\n\r\nProcesor: Apple A15 Bionic, 6-rdzeniowy, 5-rdzeniowy GPU.\r\n\r\nPamięć: 4 GB RAM.\r\n\r\nDysk twardy: 128 GB pamięci wewnętrznej.\r\n\r\nAparat główny: 12 MP, nagrywanie wideo 4K.\r\n\r\nAparat przedni: 12 MP Ultra Wide, obsługa Center Stage.\r\n\r\nBateria: Do 10 godzin pracy na jednym ładowaniu.\r\n\r\nSystem operacyjny: iPadOS 17.\r\n\r\nŁączność: Wi-Fi 6, Bluetooth 5.0, port USB-C.'),
(31, 3, 2, 'Samsung Galaxy Tab S9 FE 10.9\"', 'Samsung Galaxy Tab S9 FE to nowoczesny tablet, który łączy wydajność z funkcjonalnością w kompaktowym rozmiarze 10,9 cala. Zaprojektowany z myślą o codziennym użytkowaniu, oferuje płynne działanie zarówno do pracy, jak i rozrywki. Ekran o wysokiej rozdzielczości zapewnia doskonałą jakość obrazu, a pojemna bateria pozwala na długie godziny użytkowania. Obsługa rysika S Pen umożliwia wygodne notowanie, rysowanie i tworzenie kreatywnych projektów.', 2399.00, 69, 'assets/products/Galaxy-Tab-S9-FE-5G.png', '2024-11-02 10:28:51', 'Wyświetlacz: 10,9 cala, rozdzielczość 2304 x 1440 pikseli, panel LCD, jasność do 400 nitów.\r\n\r\nProcesor: Samsung Exynos 1380, 8-rdzeniowy.\r\n\r\nPamięć: 6 GB RAM.\r\n\r\nDysk twardy: 128 GB pamięci wewnętrznej, możliwość rozszerzenia do 1 TB za pomocą karty microSD.\r\n\r\nAparat główny: 8 MP, nagrywanie wideo 1080p.\r\n\r\nAparat przedni: 12 MP Ultra Wide.\r\n\r\nBateria: Pojemność 8000 mAh, do 13 godzin pracy na jednym ładowaniu, obsługa szybkiego ładowania 25 W.\r\n\r\nSystem operacyjny: Android 13 z interfejsem One UI 5.1.\r\n\r\nŁączność: Wi-Fi 6, Bluetooth 5.2, USB-C, opcja 5G w wybranych modelach.\r\n\r\nWymiary i waga: 254,3 x 165,9 x 6,5 mm, waga: około 523 g.'),
(33, 3, 4, 'Lenovo Tab Plus 11.5\"', 'Lenovo Tab Plus 11.5 to stylowy i funkcjonalny tablet, idealny do multimedialnych zastosowań i pracy zdalnej. Duży ekran o przekątnej 11,5 cala zapewnia szczegółowy obraz, co sprawia, że doskonale nadaje się do oglądania filmów, czytania i przeglądania treści internetowych. Pojemna bateria pozwala na długie godziny użytkowania bez potrzeby ładowania, a solidne podzespoły gwarantują płynne działanie systemu i aplikacji.', 1299.00, 59, 'assets/products/Tablet-LENOVO-Tab-Plus.png', '2024-11-02 10:30:27', 'Wyświetlacz: 11,5 cala, rozdzielczość 2000 x 1200 pikseli, panel LCD, jasność do 400 nitów.\r\n\r\nProcesor: MediaTek Kompanio 1300T, 8-rdzeniowy.\r\n\r\nPamięć: 8 GB RAM.\r\n\r\nDysk twardy: 128 GB pamięci wewnętrznej, z możliwością rozszerzenia do 1 TB przez kartę microSD.\r\n\r\nAparat główny: 13 MP, nagrywanie wideo w rozdzielczości 1080p.\r\n\r\nAparat przedni: 8 MP, idealny do wideokonferencji.\r\n\r\nBateria: Pojemność 7700 mAh, do 12 godzin użytkowania na jednym ładowaniu, wsparcie dla szybkiego ładowania.\r\n\r\nSystem operacyjny: Android 12.\r\n\r\nŁączność: Wi-Fi 6, Bluetooth 5.1, USB-C.\r\n\r\nWymiary i waga: 260 x 160 x 7,3 mm, waga: około 520 g.'),
(35, 3, 1, 'Apple iPad Air 6 gen. 2024 13\"', 'Apple iPad Air 6. generacji to wszechstronny i potężny tablet, który dzięki powiększonemu 13-calowemu wyświetlaczowi Liquid Retina zapewnia wyjątkową przestrzeń do pracy i rozrywki. Nowy procesor M3 gwarantuje płynną pracę przy wymagających aplikacjach, a lekka konstrukcja i wsparcie dla Apple Pencil i Magic Keyboard czynią go idealnym wyborem zarówno do profesjonalnych zadań, jak i codziennego użytkowania.', 4129.00, 95, 'assets/products/APPLE-IPAD-AIR-2024-M2.png', '2024-11-02 10:33:35', 'Wyświetlacz: 13 cali, Liquid Retina, rozdzielczość 2800 x 2000 pikseli, jasność do 500 nitów, True Tone, szeroka gama kolorów P3.\r\n\r\nProcesor: Apple M3, 8-rdzeniowy CPU, 10-rdzeniowy GPU.\r\n\r\nPamięć: 8 GB RAM.\r\n\r\nDysk twardy: 256 GB SSD.\r\n\r\nAparat główny: 12 MP szerokokątny, nagrywanie wideo 4K.\r\n\r\nAparat przedni: 12 MP Ultra Wide z funkcją Center Stage.\r\n\r\nBateria: Do 10 godzin pracy na jednym ładowaniu, szybkie ładowanie przez USB-C.\r\n\r\nSystem operacyjny: iPadOS 18.\r\n\r\nŁączność: Wi-Fi 6E, Bluetooth 5.3, USB-C.\r\n\r\nWymiary i waga: 280,6 x 214,9 x 6,1 mm, waga: około 500 g.'),
(36, 3, 4, 'Lenovo Tab P12 12.7\"', 'enovo Tab P12 to tablet o dużym 12,7-calowym wyświetlaczu, zaprojektowany z myślą o rozrywce i produktywności. Dzięki wyraźnemu ekranowi 2.5K i solidnej baterii, idealnie sprawdza się przy oglądaniu filmów, przeglądaniu internetu, a także pracy z dokumentami. Wyposażony w procesor MediaTek i możliwość korzystania z rysika Lenovo Precision Pen 3, oferuje szerokie możliwości zarówno dla użytkowników domowych, jak i profesjonalistów.', 1599.00, 49, 'assets/products/Tablet-LENOVO-Tab-P12.png', '2024-11-02 10:35:10', 'Wyświetlacz: 12,7 cala, LCD, rozdzielczość 2944 x 1840 pikseli, jasność do 400 nitów.\r\n\r\nProcesor: MediaTek Dimensity 7050, 8-rdzeniowy.\r\n\r\nPamięć: 8 GB RAM.\r\n\r\nDysk twardy: 256 GB pamięci wewnętrznej, z możliwością rozszerzenia kartą microSD do 1 TB.\r\n\r\nAparat główny: 13 MP.\r\n\r\nAparat przedni: 8 MP.\r\n\r\nBateria: 10 200 mAh, do 10 godzin pracy na jednym ładowaniu.\r\n\r\nSystem operacyjny: Android 13.\r\n\r\nŁączność: Wi-Fi 6, Bluetooth 5.1, USB-C.\r\n\r\nWymiary i waga: 285,6 x 184 x 6,9 mm, waga: około 615 g.'),
(37, 3, 4, 'Lenovo Tab P12 TB370FU 12.7\"', 'Lenovo Tab P12 TB370FU to nowoczesny tablet z dużym 12,7-calowym wyświetlaczem o wysokiej rozdzielczości, doskonały do pracy, nauki i rozrywki. Wyposażony w potężny procesor MediaTek i dużą baterię, zapewnia płynne działanie i długi czas pracy na jednym ładowaniu. Jego funkcje i akcesoria, takie jak wsparcie dla rysika, czynią go idealnym urządzeniem do kreatywnych zastosowań i codziennego użytku.', 1699.00, 23, 'assets/products/Tablet-LENOVO-Tab-P12_TB.png', '2024-11-02 10:36:44', 'Wyświetlacz: 12,7 cala, rozdzielczość 2944 x 1840 pikseli, jasność do 400 nitów, matryca LCD.\r\n\r\nProcesor: MediaTek Dimensity 7050, 8-rdzeniowy.\r\n\r\nPamięć: 8 GB RAM.\r\n\r\nDysk twardy: 256 GB pamięci wewnętrznej, możliwość rozszerzenia kartą microSD do 1 TB.\r\n\r\nAparat główny: 13 MP.\r\n\r\nAparat przedni: 8 MP.\r\n\r\nBateria: 10 200 mAh, do 10 godzin pracy na jednym ładowaniu.\r\n\r\nSystem operacyjny: Android 13.\r\n\r\nŁączność: Wi-Fi 6, Bluetooth 5.1, USB-C.\r\n\r\nWymiary i waga: 285,6 x 184 x 6,9 mm, waga: około 615 g.'),
(38, 3, 2, 'Samsung Galaxy Tab S9 11\"', 'Samsung Galaxy Tab S9 to wszechstronny tablet, który łączy w sobie elegancki design z zaawansowanymi funkcjami. Wyposażony w 11-calowy wyświetlacz AMOLED o wysokiej rozdzielczości, oferuje niesamowite wrażenia wizualne, idealne do oglądania filmów, grania i pracy. Dzięki potężnemu procesorowi Snapdragon oraz wsparciu dla rysika S Pen, Tab S9 staje się doskonałym narzędziem dla kreatywnych użytkowników oraz profesjonalistów.', 3499.00, 19, 'assets/products/Tablet-SAMSUNG-Galaxy-Tab-S9.png', '2024-11-02 10:39:17', 'Wyświetlacz: 11 cali, rozdzielczość 2560 x 1600 pikseli, technologia AMOLED, jasność do 400 nitów.\r\n\r\nProcesor: Qualcomm Snapdragon 8 Gen 2, 8-rdzeniowy.\r\n\r\nPamięć: 8 GB RAM.\r\n\r\nDysk twardy: 128 GB pamięci wewnętrznej, możliwość rozszerzenia kartą microSD.\r\n\r\nAparat główny: 13 MP z autofokusem.\r\n\r\nAparat przedni: 12 MP.\r\n\r\nBateria: 8 000 mAh, do 15 godzin pracy na jednym ładowaniu, obsługa szybkiego ładowania.\r\n\r\nSystem operacyjny: Android 13.\r\n\r\nŁączność: Wi-Fi 6E, Bluetooth 5.3, USB-C.\r\n\r\nWymiary i waga: 254,3 x 165,3 x 5,7 mm, waga: około 404 g.'),
(39, 3, 2, 'Samsung Galaxy Tab S6 Lite 2024 10.4\"', 'Samsung Galaxy Tab S6 Lite 2024 to kompaktowy tablet idealny dla użytkowników szukających wszechstronności i wydajności. Wyposażony w 10,4-calowy wyświetlacz TFT o wysokiej rozdzielczości, oferuje doskonałe wrażenia wizualne zarówno do nauki, jak i rozrywki. Dzięki dołączonemu rysikowi S Pen, użytkownicy mogą wygodnie szkicować, notować czy edytować dokumenty.', 1799.00, 48, 'assets/products/Tablet-SAMSUNG-Galaxy-Tab-S6.png', '2024-11-02 10:39:58', 'Wyświetlacz: 10,4 cala, rozdzielczość 2000 x 1200 pikseli, technologia TFT.\r\n\r\nProcesor: Exynos 9611, 8-rdzeniowy.\r\n\r\nPamięć: 4 GB RAM.\r\n\r\nDysk twardy: 64 GB pamięci wewnętrznej, możliwość rozszerzenia kartą microSD.\r\n\r\nAparat główny: 8 MP.\r\n\r\nAparat przedni: 5 MP.\r\n\r\nBateria: 7 040 mAh, do 13 godzin pracy na jednym ładowaniu, obsługa szybkiego ładowania.\r\n\r\nSystem operacyjny: Android 12.\r\n\r\nŁączność: Wi-Fi 5, Bluetooth 5.0, USB-C.\r\n\r\nWymiary i waga: 244,5 x 154,3 x 7 mm, waga: około 467 g.'),
(40, 3, 3, 'Huawei MatePad Pro 13.2\"', 'HUAWEI MatePad Pro 13.2\" to wydajny tablet zaprojektowany z myślą o profesjonalistach oraz entuzjastach multimediów. Wyposażony w dużą, 13,2-calową matrycę IPS, oferuje żywe kolory i szerokie kąty widzenia, co sprawia, że idealnie nadaje się do pracy, nauki oraz rozrywki. Dzięki potężnemu procesorowi i dużej ilości pamięci RAM, MatePad Pro zapewnia płynne działanie nawet w przypadku intensywnych zadań.', 3999.00, 84, 'assets/products/huawei-matepad-pro-13-2.png', '2024-11-02 10:41:14', 'Wyświetlacz: 13,2 cala, rozdzielczość 2560 x 1600 pikseli, technologia IPS.\r\n\r\nProcesor: HUAWEI Kirin 9000E.\r\n\r\nPamięć: 8 GB RAM.\r\n\r\nDysk twardy: 256 GB pamięci wewnętrznej, możliwość rozszerzenia kartą microSD.\r\n\r\nAparat główny: 13 MP.\r\n\r\nAparat przedni: 8 MP.\r\n\r\nBateria: 10 050 mAh, do 12 godzin pracy na jednym ładowaniu, obsługa szybkiego ładowania.\r\n\r\nSystem operacyjny: HarmonyOS.\r\n\r\nŁączność: Wi-Fi 6, Bluetooth 5.2, port USB-C.\r\n\r\nWymiary i waga: 295 x 185 x 6,7 mm, waga: około 609 g.'),
(41, 3, 3, 'Huawei MatePad 12X 12\"', 'HUAWEI MatePad 12X 12\" to zaawansowany tablet, który łączy w sobie funkcjonalność i wydajność, idealny zarówno do pracy, jak i rozrywki. Z dużym, 12-calowym wyświetlaczem, oferującym wysoką rozdzielczość i żywe kolory, użytkownicy mogą cieszyć się wyjątkową jakością obrazu podczas oglądania filmów, przeglądania zdjęć czy pracy z dokumentami. Dzięki nowoczesnemu procesorowi i dużej pamięci RAM, MatePad 12X zapewnia płynne działanie w każdej sytuacji.', 2599.00, 84, 'assets/products/Tablet-HUAWEI-MatePad-12X.png', '2024-11-02 10:44:00', 'Wyświetlacz: 12 cala, rozdzielczość 2560 x 1600 pikseli, technologia IPS.\r\n\r\nProcesor: HUAWEI Kirin 9000E.\r\n\r\nPamięć: 8 GB RAM.\r\n\r\nDysk twardy: 256 GB pamięci wewnętrznej, możliwość rozszerzenia kartą microSD.\r\n\r\nAparat główny: 13 MP.\r\n\r\nAparat przedni: 8 MP.\r\n\r\nBateria: 10 050 mAh, do 12 godzin pracy na jednym ładowaniu, obsługa szybkiego ładowania.\r\n\r\nSystem operacyjny: HarmonyOS.\r\n\r\nŁączność: Wi-Fi 6, Bluetooth 5.2, port USB-C.\r\n\r\nWymiary i waga: 280 x 185 x 6,5 mm, waga: około 640 g.'),
(42, 3, 3, 'Huawei MatePad SE 11\"', 'HUAWEI MatePad SE 11\" to wszechstronny tablet, który łączy w sobie stylowy design i wydajność, idealny do codziennego użytku, nauki oraz rozrywki. Wyposażony w 11-calowy wyświetlacz o wysokiej rozdzielczości, tablet oferuje doskonałą jakość obrazu, co czyni go idealnym narzędziem do oglądania filmów i przeglądania zdjęć. MatePad SE 11\" obsługuje także różnorodne aplikacje, co sprawia, że jest doskonałym wyborem zarówno dla uczniów, jak i profesjonalistów.', 749.00, 73, 'assets/products/Tablet-HUAWEI-MatePad.png', '2024-11-02 10:46:37', 'Wyświetlacz: 11 cala, rozdzielczość 2000 x 1200 pikseli, technologia IPS.\r\n\r\nProcesor: HUAWEI Kirin 710A.\r\n\r\nPamięć: 4 GB RAM.\r\n\r\nDysk twardy: 64 GB pamięci wewnętrznej, możliwość rozszerzenia kartą microSD.\r\n\r\nAparat główny: 13 MP.\r\n\r\nAparat przedni: 5 MP.\r\n\r\nBateria: 7 250 mAh, do 10 godzin pracy na jednym ładowaniu, obsługa szybkiego ładowania.\r\n\r\nSystem operacyjny: HarmonyOS.\r\n\r\nŁączność: Wi-Fi 5, Bluetooth 5.1, port USB-C.\r\n\r\nWymiary i waga: 253,8 x 165,3 x 7,85 mm, waga: około 450 g.'),
(43, 4, 2, 'Samsung Galaxy Watch Ultra SM-R705FZ 47mm', 'SAMSUNG Galaxy Watch Ultra to zaawansowany smartwatch, który łączy elegancki design z funkcjami fitness i zdrowia. Z ekranem o przekątnej 47 mm, urządzenie oferuje doskonałą widoczność i intuicyjny interfejs, idealny do codziennego użytkowania. Dzięki wytrzymałej obudowie, zegarek jest odporny na wodę oraz pył, co czyni go idealnym towarzyszem zarówno w trakcie treningów, jak i w codziennym życiu. Galaxy Watch Ultra monitoruje aktywność fizyczną, tętno, sen oraz inne parametry zdrowotne, co pozwala użytkownikowi na bieżąco dbać o swoje samopoczucie.', 2299.00, 34, 'assets/products/Smartwatch_SAMSUNG_Galaxy_Watch_Ultra_47mm.png', '2024-11-02 10:52:59', 'Wyświetlacz: 1,4 cala, Super AMOLED, rozdzielczość 450 x 450 pikseli.\r\n\r\nProcesor: Exynos W920.\r\n\r\nPamięć: 1,5 GB RAM.\r\n\r\nDysk twardy: 16 GB pamięci wewnętrznej.\r\n\r\nBateria: 500 mAh, do 40 godzin pracy na jednym ładowaniu.\r\n\r\nSystem operacyjny: Wear OS z interfejsem One UI Watch.\r\n\r\nŁączność: Bluetooth 5.0, Wi-Fi, GPS, NFC, LTE (w wersji z LTE).\r\n\r\nOdporność: Wodoodporność IP68 oraz standard militarnej odporności MIL-STD-810G.\r\n\r\nWymiary i waga: 49 x 47,5 x 14,4 mm, waga: około 61 g.'),
(44, 4, 2, 'Samsung Galaxy Watch FE SM-R861 40mm', 'SAMSUNG Galaxy Watch FE to kompaktowy smartwatch, który łączy nowoczesny design z zaawansowanymi funkcjami monitorowania zdrowia i aktywności fizycznej. Z wyświetlaczem o przekątnej 40 mm, oferuje doskonałą czytelność i wygodę użytkowania, idealny do noszenia na co dzień. Dzięki wytrzymałej konstrukcji, zegarek jest odporny na wodę i pył, co czyni go odpowiednim zarówno do treningów, jak i codziennych wyzwań. Galaxy Watch FE śledzi aktywność fizyczną, tętno, sen oraz inne parametry zdrowotne, umożliwiając użytkownikom dbanie o zdrowie i kondycję.', 599.00, 38, 'assets/products/Smartwatch-SAMSUNG-Galaxy-Watch-FE-SM-R861-41mm.png', '2024-11-02 10:54:40', 'Wyświetlacz: 1,2 cala, Super AMOLED, rozdzielczość 396 x 396 pikseli.\r\n\r\nProcesor: Exynos W920.\r\n\r\nPamięć: 1,5 GB RAM.\r\n\r\nDysk twardy: 16 GB pamięci wewnętrznej.\r\n\r\nBateria: 300 mAh, do 40 godzin pracy na jednym ładowaniu.\r\n\r\nSystem operacyjny: Wear OS z interfejsem One UI Watch.\r\n\r\nŁączność: Bluetooth 5.0, Wi-Fi, GPS, NFC.\r\n\r\nOdporność: Wodoodporność IP68 oraz standard militarnej odporności MIL-STD-810G.\r\n\r\nWymiary i waga: 40,4 x 40,4 x 9,8 mm, waga: około 30 g.'),
(45, 4, 2, 'Samsung Galaxy Watch 7 SM-L300NZ 40mm', 'SAMSUNG Galaxy Watch 7 to elegancki smartwatch, który łączy w sobie zaawansowane funkcje monitorowania zdrowia z nowoczesnym stylem. Jego 40 mm wyświetlacz o wysokiej rozdzielczości zapewnia doskonałą widoczność w różnych warunkach oświetleniowych. Galaxy Watch 7 oferuje szereg funkcji fitness, takich jak śledzenie tętna, monitorowanie snu oraz analizę aktywności fizycznej, co sprawia, że jest idealnym towarzyszem dla osób dbających o zdrowie i kondycję. Dzięki wszechstronnej łączności i możliwości personalizacji, zegarek dostosowuje się do stylu życia użytkownika.', 1099.00, 85, 'assets/products/Smartwatch-SAMSUNG-Galaxy-Watch-7-40mm.png', '2024-11-02 10:55:44', 'Wyświetlacz: 1,3 cala, Super AMOLED, rozdzielczość 450 x 450 pikseli.\r\n\r\nProcesor: Exynos W930.\r\n\r\nPamięć: 1,5 GB RAM.\r\n\r\nDysk twardy: 16 GB pamięci wewnętrznej.\r\n\r\nBateria: 300 mAh, do 40 godzin pracy na jednym ładowaniu.\r\n\r\nSystem operacyjny: Wear OS z interfejsem One UI Watch.\r\n\r\nŁączność: Bluetooth 5.0, Wi-Fi, GPS, NFC.\r\n\r\nOdporność: Wodoodporność IP68 oraz standard militarnej odporności MIL-STD-810G.\r\n\r\nWymiary i waga: 40,4 x 40,4 x 9,6 mm, waga: około 30 g.'),
(46, 4, 5, 'Garmin Venu 2 45mm', 'GARMIN Venu 2 to wszechstronny smartwatch, który łączy elegancki design z zaawansowanymi funkcjami zdrowotnymi i fitnessowymi. Jego 45 mm wyświetlacz AMOLED zapewnia żywe kolory i doskonałą czytelność w różnych warunkach oświetleniowych. Venu 2 oferuje szereg funkcji monitorowania zdrowia, w tym pomiar tętna, analizę snu oraz śledzenie aktywności fizycznej, co czyni go idealnym partnerem dla aktywnych użytkowników. Zegarek obsługuje również wiele trybów sportowych, co pozwala na śledzenie wyników w różnych dyscyplinach. Dodatkowo, dzięki długiej żywotności baterii, można cieszyć się wszystkimi funkcjami przez długi czas bez konieczności ładowania.', 999.00, 26, 'assets/products/Zegarek-sportowy-GARMIN-Venu-2-45mm.png', '2024-11-02 10:56:47', 'Wyświetlacz: 1,3 cala, AMOLED, rozdzielczość 416 x 416 pikseli.\r\n\r\nProcesor: Wbudowany procesor Garmin.\r\n\r\nPamięć: Wbudowana pamięć na aplikacje i dane użytkownika.\r\n\r\nBateria: Do 11 dni w trybie smartwatcha, do 8 godzin w trybie GPS z muzyką.\r\n\r\nSystem operacyjny: Garmin OS.\r\n\r\nŁączność: Bluetooth, Wi-Fi, GPS, NFC.\r\n\r\nOdporność: Wodoodporność 5 ATM.\r\n\r\nWymiary i waga: 45,4 x 45,4 x 12,2 mm, waga: około 49 g.'),
(47, 4, 5, 'Garmin Fenix 7X Solar 51mm', 'GARMIN Fenix 7X Solar to wyjątkowy smartwatch stworzony dla miłośników przygód i sportów na świeżym powietrzu. Jego duży, 51 mm wyświetlacz jest doskonale czytelny w każdych warunkach, a technologia solarna umożliwia ładowanie baterii za pomocą energii słonecznej, co wydłuża czas działania na długich wyprawach. Fenix 7X oferuje bogaty zestaw funkcji, w tym zaawansowane monitorowanie zdrowia, śledzenie aktywności sportowych oraz nawigację GPS. Dzięki odporności na wodę do 10 ATM oraz solidnej konstrukcji, zegarek sprawdzi się w najtrudniejszych warunkach. Dodatkowo, wsparcie dla wielu trybów sportowych i funkcji outdoorowych czyni go idealnym wyborem dla aktywnych użytkowników.', 2079.00, 85, 'assets/products/Smartwatch-ACME-SW203.png', '2024-11-02 10:56:47', 'Wyświetlacz: 1,4 cala, MIP, rozdzielczość 280 x 280 pikseli.\r\n\r\nProcesor: Wbudowany procesor Garmin.\r\n\r\nPamięć: Wbudowana pamięć na aplikacje i dane użytkownika.\r\n\r\nBateria: Do 18 dni w trybie smartwatcha, do 57 godzin w trybie GPS, do 66 godzin z energią słoneczną.\r\n\r\nSystem operacyjny: Garmin OS.\r\n\r\nŁączność: Bluetooth, Wi-Fi, GPS, GLONASS, Galileo.\r\n\r\nOdporność: Wodoodporność 10 ATM, wytrzymała obudowa.\r\n\r\nWymiary i waga: 51 x 51 x 14,9 mm, waga: około 79 g.'),
(48, 4, 5, 'Garmin Vivoactive 5', 'GARMIN Vivoactive 5 to elegancki smartwatch, który łączy styl z funkcjonalnością, idealny zarówno do codziennego noszenia, jak i aktywności fizycznych. Z dużym, kolorowym wyświetlaczem, oferującym doskonałą czytelność w każdych warunkach, Vivoactive 5 umożliwia śledzenie aktywności, monitorowanie zdrowia i zarządzanie powiadomieniami z telefonu. Z wieloma wbudowanymi trybami sportowymi i funkcjami zdrowotnymi, takimi jak pomiar tętna, monitor snu czy śledzenie poziomu stresu, zegarek wspiera użytkowników w dążeniu do lepszej kondycji fizycznej i dobrego samopoczucia. Oferuje również możliwość synchronizacji z aplikacją Garmin Connect, co pozwala na szczegółowe analizowanie danych treningowych.', 1099.00, 26, 'assets/products/Zegarek-sportowy-GARMIN-Vivoactive-5.png', '2024-11-02 10:59:57', 'Wyświetlacz: 1,3 cala, dotykowy, rozdzielczość 260 x 260 pikseli.\r\n\r\nProcesor: Wbudowany procesor Garmin.\r\n\r\nPamięć: Wbudowana pamięć na aplikacje i dane użytkownika.\r\n\r\nBateria: Do 11 dni w trybie smartwatcha, do 20 godzin w trybie GPS.\r\n\r\nSystem operacyjny: Garmin OS.\r\n\r\nŁączność: Bluetooth, Wi-Fi, GPS, GLONASS, Galileo.\r\n\r\nOdporność: Wodoodporność 5 ATM.\r\n\r\nWymiary i waga: 45 x 45 x 12,7 mm, waga: około 50 g.'),
(49, 4, 5, 'Garmin Forerunner 55', 'GARMIN Forerunner 55 to zaawansowany zegarek sportowy zaprojektowany z myślą o biegaczach i entuzjastach aktywności fizycznej. Oferując łatwy w użyciu interfejs oraz szereg funkcji monitorowania aktywności, Forerunner 55 to idealny towarzysz dla osób pragnących poprawić swoją kondycję. Zegarek obsługuje zaawansowane metryki biegu, w tym tempo, dystans i śledzenie trasy za pomocą wbudowanego GPS. Dodatkowo, dzięki funkcjom monitorowania zdrowia, takim jak pomiar tętna i analiza snu, użytkownicy mogą lepiej zrozumieć swoje ciało i dostosować plany treningowe.', 639.00, 74, 'assets/products/Zegarek-sportowy-GRAMIN-Forerunner-55.png', '2024-11-02 11:00:57', 'Wyświetlacz: 1,04 cala, dotykowy, rozdzielczość 208 x 208 pikseli.\r\n\r\nProcesor: Wbudowany procesor Garmin.\r\n\r\nPamięć: Wbudowana pamięć na aplikacje i dane użytkownika.\r\n\r\nBateria: Do 2 tygodni w trybie smartwatcha, do 20 godzin w trybie GPS.\r\n\r\nSystem operacyjny: Garmin OS.\r\n\r\nŁączność: Bluetooth, GPS, GLONASS, Galileo.\r\n\r\nOdporność: Wodoodporność 5 ATM.\r\n\r\nWymiary i waga: 42 x 42 x 11,6 mm, waga: około 37 g.'),
(51, 4, 1, 'Apple Watch Series 10 GPS 46mm', 'Apple Watch Series 10 GPS 46mm to najnowsza odsłona inteligentnego zegarka od Apple, łącząca elegancki design z zaawansowanymi funkcjami monitorowania zdrowia i aktywności. Zegarek charakteryzuje się większym, wyraźnym wyświetlaczem Retina, który pozwala na łatwe odczytywanie powiadomień oraz korzystanie z aplikacji. Dzięki wbudowanemu GPS użytkownicy mogą śledzić swoje treningi na świeżym powietrzu bez potrzeby zabierania ze sobą telefonu. Zintegrowane funkcje zdrowotne, takie jak pomiar tętna, EKG oraz monitorowanie snu, pomagają w codziennej dbałości o zdrowie.', 2199.00, 99, 'assets/products/Apple-Watch-10-46mm.png', '2024-11-02 11:05:25', 'Wyświetlacz: 1,9 cala, Retina LTPO OLED, rozdzielczość 396 x 484 pikseli.\r\n\r\nProcesor: S9 SiP z 64-bitową architekturą.\r\n\r\nPamięć: Wbudowana pamięć na aplikacje i dane użytkownika.\r\n\r\nBateria: Do 18 godzin pracy na jednym ładowaniu.\r\n\r\nSystem operacyjny: watchOS 10.\r\n\r\nŁączność: GPS, Bluetooth 5.3, Wi-Fi.\r\n\r\nOdporność: Wodoodporność do 50 metrów.\r\n\r\nWymiary i waga: 46 x 45 x 10,7 mm, waga: około 36 g.'),
(52, 4, 1, 'Apple Watch Ultra 2 GPS + Cellular 49mm', 'Apple Watch Ultra 2 GPS + Cellular 49mm to niezwykle zaawansowany smartwatch stworzony z myślą o aktywnych użytkownikach i miłośnikach sportu. Charakteryzuje się wytrzymałą konstrukcją oraz dużym, jasnym wyświetlaczem Retina, który umożliwia łatwe śledzenie aktywności i przeglądanie powiadomień, nawet w trudnych warunkach. Wbudowany moduł GPS i łączność komórkowa pozwala na korzystanie z funkcji zegarka niezależnie od telefonu, co jest idealne podczas biegania czy wspinaczki. Apple Watch Ultra 2 oferuje zaawansowane monitorowanie zdrowia, w tym funkcje EKG, saturacji krwi oraz aktywności, co czyni go nieocenionym towarzyszem w codziennym życiu.', 4399.00, 36, 'assets/products/Apple-Watch-Ultra-2-49mm.png', '2024-11-02 11:06:31', 'Wyświetlacz: 1,92 cala, Retina LTPO OLED, rozdzielczość 502 x 410 pikseli.\r\n\r\nProcesor: S9 SiP z 64-bitową architekturą.\r\n\r\nPamięć: Wbudowana pamięć na aplikacje i dane użytkownika.\r\n\r\nBateria: Do 36 godzin pracy na jednym ładowaniu.\r\n\r\nSystem operacyjny: watchOS 10.\r\n\r\nŁączność: GPS + Cellular, Bluetooth 5.3, Wi-Fi.\r\n\r\nOdporność: Wodoodporność do 100 metrów, zgodność z normą MIL-STD 810H.\r\n\r\nWymiary i waga: 49 x 44 x 14,4 mm, waga: około 61 g.'),
(53, 4, 1, 'Apple Watch SE 2gen GPS 40mm', 'Apple Watch SE 2. generacji GPS 40mm to przystępny cenowo smartwatch, który łączy w sobie elegancki design z nowoczesnymi funkcjami. Idealny dla osób aktywnych, oferuje szereg narzędzi do monitorowania zdrowia oraz aktywności fizycznej. Zegarek wyposażony jest w czytelny wyświetlacz Retina, który umożliwia łatwe przeglądanie powiadomień, aplikacji oraz danych dotyczących aktywności. Dzięki wbudowanemu GPS, użytkownicy mogą śledzić swoje trasy podczas biegania czy jazdy na rowerze, a funkcje zdrowotne, takie jak monitorowanie tętna czy przypomnienia o ruchu, pomagają utrzymać formę i dbać o zdrowie.', 999.00, 95, 'assets/products/Apple-Watch-SE-40mm-GPS.png', '2024-11-02 11:07:17', 'Wyświetlacz: 1,78 cala, Retina LTPO OLED, rozdzielczość 396 x 324 pikseli.\r\n\r\nProcesor: S8 SiP z 64-bitową architekturą.\r\n\r\nPamięć: Wbudowana pamięć na aplikacje i dane użytkownika.\r\n\r\nBateria: Do 18 godzin pracy na jednym ładowaniu.\r\n\r\nSystem operacyjny: watchOS 10.\r\n\r\nŁączność: GPS, Bluetooth 5.3, Wi-Fi.\r\n\r\nOdporność: Wodoodporność do 50 metrów.\r\n\r\nWymiary i waga: 40 x 34 x 10,7 mm, waga: około 26,4 g.'),
(54, 4, 1, 'Apple Watch SE 2gen GPS 44mm', 'Apple Watch SE 2. generacji GPS 44mm to wszechstronny smartwatch, który łączy w sobie styl, funkcjonalność i przystępną cenę. Wyposażony w większy wyświetlacz Retina, zapewnia doskonałą widoczność powiadomień, aplikacji i statystyk aktywności. Idealny dla osób aktywnych, oferuje zaawansowane funkcje monitorowania zdrowia, takie jak pomiar tętna i śledzenie aktywności fizycznej. Dzięki wbudowanemu GPS, użytkownicy mogą łatwo rejestrować swoje trasy biegowe i rowerowe. Apple Watch SE 2. generacji to doskonały wybór dla tych, którzy pragną zachować zdrowy styl życia, nie rezygnując przy tym z nowoczesnych technologii.', 1199.00, 34, 'assets/products/Apple-Watch-SE-44mm-GPS.png', '2024-11-02 11:08:16', 'Wyświetlacz: 1,78 cala, Retina LTPO OLED, rozdzielczość 448 x 368 pikseli.\r\n\r\nProcesor: S8 SiP z 64-bitową architekturą.\r\n\r\nPamięć: Wbudowana pamięć na aplikacje i dane użytkownika.\r\n\r\nBateria: Do 18 godzin pracy na jednym ładowaniu.\r\n\r\nSystem operacyjny: watchOS 10.\r\n\r\nŁączność: GPS, Bluetooth 5.3, Wi-Fi.\r\n\r\nOdporność: Wodoodporność do 50 metrów.\r\n\r\nWymiary i waga: 44 x 38 x 10,7 mm, waga: około 32,0 g.'),
(55, 4, 3, 'Huawei Watch GT 5 Pro Active 46mm', 'HUAWEI Watch GT 5 Pro Active 46mm to zaawansowany smartwatch zaprojektowany z myślą o aktywnym stylu życia. Posiada elegancki, sportowy design, który łączy w sobie funkcjonalność z nowoczesnym wyglądem. Wyposażony w duży wyświetlacz AMOLED, smartwatch oferuje przejrzysty interfejs i wyraźne informacje na temat aktywności fizycznej, zdrowia i powiadomień. Jego zaawansowane funkcje monitorowania zdrowia, w tym pomiar tętna, analiza snu oraz śledzenie aktywności, czynią go doskonałym towarzyszem zarówno w trakcie treningów, jak i w codziennym życiu. Dzięki długiemu czasowi pracy na baterii, HUAWEI Watch GT 5 Pro Active 46mm sprawdzi się w każdych warunkach.', 1599.00, 86, 'assets/products/Smartwatch-HUAWEI-Watch-GT-5-Pro-Active-46mm.png', '2024-11-02 11:09:13', 'Wyświetlacz: 1,43 cala, AMOLED, rozdzielczość 466 x 466 pikseli.\r\n\r\nProcesor: Wbudowany procesor do monitorowania aktywności.\r\n\r\nPamięć: Wbudowana pamięć na aplikacje i dane użytkownika.\r\n\r\nBateria: Do 14 dni pracy na jednym ładowaniu.\r\n\r\nSystem operacyjny: HUAWEI LiteOS.\r\n\r\nŁączność: GPS, Bluetooth 5.1, Wi-Fi.\r\n\r\nOdporność: Wodoodporność do 50 metrów (IP68).\r\n\r\nWymiary i waga: 46 x 46 x 11 mm, waga: około 44 g.'),
(56, 4, 3, 'Huawei Watch GT 4 Elegant 41mm', 'HUAWEI Watch GT 4 Elegant 41mm to stylowy smartwatch, który łączy elegancki design z zaawansowanymi funkcjami zdrowotnymi i fitness. Dzięki smukłej kopercie i wysokiej jakości materiałom, ten zegarek doskonale nadaje się zarówno do codziennego noszenia, jak i na specjalne okazje. Wyposażony w wyświetlacz AMOLED, oferuje jasne i wyraźne informacje, umożliwiając łatwe monitorowanie aktywności, powiadomień i stanu zdrowia. Jego funkcje monitorowania, takie jak pomiar tętna, śledzenie snu oraz różnorodne tryby treningowe, pomagają w osiąganiu celów zdrowotnych. Z HUAWEI Watch GT 4 Elegant, styl i funkcjonalność idą w parze.', 1399.00, 42, 'assets/products/Smartwatch-HUAWEI-Watch-GT-4-Elegant-41mm.png', '2024-11-02 11:10:10', 'Wyświetlacz: 1,32 cala, AMOLED, rozdzielczość 466 x 466 pikseli.\r\n\r\nProcesor: Wbudowany procesor do monitorowania aktywności.\r\n\r\nPamięć: Wbudowana pamięć na aplikacje i dane użytkownika.\r\n\r\nBateria: Do 14 dni pracy na jednym ładowaniu.\r\n\r\nSystem operacyjny: HUAWEI LiteOS.\r\n\r\nŁączność: GPS, Bluetooth 5.1.\r\n\r\nOdporność: Wodoodporność do 50 metrów (IP68).\r\n\r\nWymiary i waga: 41 x 41 x 10,5 mm, waga: około 30 g.'),
(57, 4, 3, 'Huawei Watch Fit 3', 'HUAWEI Watch Fit 3 to wszechstronny smartwatch zaprojektowany z myślą o osobach prowadzących aktywny tryb życia. Dzięki smukłej konstrukcji i dużemu, prostokątnemu wyświetlaczowi AMOLED, zegarek zapewnia wyraźny obraz oraz łatwy dostęp do informacji. Oferuje szereg funkcji monitorowania zdrowia i aktywności fizycznej, w tym pomiar tętna, śledzenie snu oraz monitorowanie poziomu stresu. HUAWEI Watch Fit 3 obsługuje także różnorodne tryby sportowe, co czyni go idealnym partnerem do treningów. Dodatkowo, zegarek jest wyposażony w długotrwałą baterię, co pozwala na intensywne użytkowanie bez konieczności częstego ładowania.', 699.00, 45, 'assets/products/Smartwatch-HUAWEI-Watch-Fit-3.png', '2024-11-02 11:11:16', 'Wyświetlacz: 1,74 cala, AMOLED, rozdzielczość 336 x 480 pikseli.\r\n\r\nProcesor: Wbudowany procesor do monitorowania aktywności.\r\n\r\nPamięć: Wbudowana pamięć na aplikacje i dane użytkownika.\r\n\r\nBateria: Do 10 dni pracy na jednym ładowaniu.\r\n\r\nSystem operacyjny: HUAWEI LiteOS.\r\n\r\nŁączność: GPS, Bluetooth 5.1.\r\n\r\nOdporność: Wodoodporność do 50 metrów (5 ATM).\r\n\r\nWymiary i waga: 46,4 x 30,4 x 10,4 mm, waga: około 34 g.'),
(58, 4, 3, 'Huawei Watch 4 Pro Space Edition', 'HUAWEI Watch 4 Pro Space Edition to zaawansowany smartwatch, który łączy elegancję z funkcjonalnością, idealny dla miłośników technologii i podróży. Jego wyjątkowy design nawiązuje do tematyki kosmicznej, a solidna obudowa zapewnia trwałość i odporność na trudne warunki. Zegarek oferuje szeroki wachlarz funkcji monitorowania zdrowia, takich jak pomiar tętna, poziomu tlenu we krwi oraz jakości snu. Dzięki wszechstronności w śledzeniu aktywności fizycznej, HUAWEI Watch 4 Pro Space Edition jest doskonałym towarzyszem zarówno w codziennym życiu, jak i podczas intensywnych treningów. Wbudowany GPS oraz długi czas pracy na baterii sprawiają, że zegarek doskonale sprawdzi się w każdych warunkach.', 2799.00, 56, 'assets/products/Smartwatch-HUAWEI-Watch-4-Pro-Space-Edition.png', '2024-11-02 11:12:21', 'Wyświetlacz: 1,43 cala, AMOLED, rozdzielczość 466 x 466 pikseli.\r\n\r\nProcesor: Wbudowany procesor do monitorowania aktywności.\r\n\r\nPamięć: Wbudowana pamięć na aplikacje i dane użytkownika.\r\n\r\nBateria: Do 14 dni pracy na jednym ładowaniu.\r\n\r\nSystem operacyjny: HarmonyOS.\r\n\r\nŁączność: GPS, Bluetooth 5.2, NFC.\r\n\r\nOdporność: Wodoodporność do 100 metrów (10 ATM).\r\n\r\nWymiary i waga: 48,5 x 48,5 x 13,99 mm, waga: około 60 g.'),
(59, 1, 1, 'Apple iPhone 16', 'Apple iPhone 16 to kolejna generacja inteligentnego telefonu, która wyznacza nowe standardy w dziedzinie mobilnych technologii. Wyposażony w elegancki wyświetlacz Super Retina XDR o przekątnej 6,1 cala, iPhone 16 dostarcza niezrównaną jakość obrazu, zapewniając wyraźne kolory i głębokie czernie, co czyni go idealnym do oglądania filmów oraz przeglądania zdjęć. Sercem urządzenia jest nowoczesny procesor A17 Bionic, który gwarantuje ekstremalną wydajność i efektywność, umożliwiając korzystanie z najnowszych aplikacji i gier bez opóźnień.\r\n\r\nDzięki zaawansowanemu systemowi kamer, iPhone 16 oferuje doskonałe możliwości fotograficzne. Główny aparat o rozdzielczości 48 MP uchwyci każdy szczegół, podczas gdy dodatkowe obiektywy ultraszerokokątny i teleobiektyw umożliwiają tworzenie różnorodnych ujęć. Przedni aparat 12 MP z obsługą Face ID sprawia, że odblokowanie telefonu jest szybkie i bezpieczne, a zdjęcia selfie są zawsze wysokiej jakości.\r\n\r\nBateria w iPhone 16 zapewnia długi czas pracy na jednym ładowaniu, a dzięki funkcjom szybkiego ładowania i ładowania bezprzewodowego MagSafe, użytkownicy mogą błyskawicznie naładować urządzenie. Nowoczesny design z materiałów premium, a także odporność na wodę i kurz w standardzie IP68, czynią iPhone 16 zarówno estetycznym, jak i funkcjonalnym urządzeniem na co dzień.', 3999.00, 95, 'assets/products/iPhone_16.png', '2024-11-02 12:14:50', 'Wyświetlacz: 6,1 cala, rozdzielczość 2556 x 1179 pikseli, Super Retina XDR OLED, jasność do 1000 nitów (typowa), 2000 nitów (HDR).\r\n\r\nProcesor: Apple A17 Pro.\r\n\r\nPamięć: 8 GB RAM.\r\n\r\nDysk twardy: 256 GB.\r\n\r\nAparat główny: Podwójny aparat – 48 MP (standardowy) z f/1.6 i 12 MP (ultraszerokokątny) z f/2.4, możliwość nagrywania wideo w 4K, tryb nocny, Smart HDR 4.\r\n\r\nAparat przedni: 12 MP TrueDepth z obsługą Face ID, możliwość nagrywania wideo w 4K.\r\n\r\nBateria: Pojemność 3350 mAh, do 20 godzin odtwarzania wideo, obsługa szybkiego ładowania (do 50% w 30 minut przy użyciu 20 W) oraz ładowania bezprzewodowego MagSafe.\r\n\r\nSystem operacyjny: iOS 17.\r\n\r\nOdporność: Wodoodporność i pyłoszczelność w standardzie IP68 (do 6 metrów głębokości przez maksymalnie 30 minut).\r\n\r\nŁączność: 5G, Wi-Fi 6E, Bluetooth 5.3, złącze USB-C.\r\n\r\nWymiary i waga: Wymiary: 147,6 x 71,6 x 7,8 mm, waga: około 171 g.'),
(60, 2, 4, 'Lenovo Legion 5', 'Lenovo Legion 5 to zaawansowany laptop stworzony z myślą o graczach oraz entuzjastach wydajności. Wyposażony w potężne podzespoły, zapewnia wyjątkowe doświadczenia w grach oraz sprawną obsługę wymagających aplikacji multimedialnych. Jego smukła i elegancka konstrukcja w połączeniu z wytrzymałym chassis sprawiają, że jest to doskonały wybór zarówno do użytku w domu, jak i w podróży.\r\n\r\nWyposażony w wyświetlacz o przekątnej 15,6 cala, oferuje rozdzielczość Full HD (1920 x 1080 pikseli) z odświeżaniem do 144 Hz, co gwarantuje płynne i wyraźne obrazy, idealne do dynamicznych gier. Wysoka jasność i szerokie kąty widzenia sprawiają, że każdy detal jest doskonale widoczny, a technologia Dolby Vision oraz NVIDIA G-Sync zapewniają lepsze odwzorowanie kolorów i minimalizację zacięć.\r\n\r\nSercem tego laptopa jest procesor AMD Ryzen 7, wspierany przez kartę graficzną NVIDIA GeForce GTX/RTX, co zapewnia wyjątkową wydajność graficzną. Dodatkowo, laptop oferuje szybki dysk SSD, co pozwala na błyskawiczne uruchamianie gier i aplikacji, a także wystarczającą ilość pamięci RAM do płynnego działania wielu programów jednocześnie.\r\n\r\nPodświetlana klawiatura RGB z indywidualnym podświetleniem każdego klawisza pozwala na personalizację oraz wygodną grę w ciemności. System chłodzenia Coldfront 3.0 zapewnia efektywną wentylację, co pozwala na długie sesje gamingowe bez przegrzewania się.\r\n\r\nLenovo Legion 5 to doskonały wybór dla każdego gracza, który szuka mocy obliczeniowej, świetnej jakości obrazu oraz atrakcyjnego designu.', 5299.00, 74, 'assets/products/LENOVO-Legion-5.png', '2024-11-02 12:16:04', 'Wyświetlacz: 15,6 cala, rozdzielczość 1920 x 1080 pikseli, matowy panel IPS, odświeżanie 165 Hz, jasność do 300 nitów.\r\n\r\nProcesor: AMD Ryzen 7 5800H.\r\n\r\nKarta graficzna: NVIDIA GeForce RTX 3060.\r\n\r\nPamięć: 16 GB DDR4 RAM, z możliwością rozszerzenia do 32 GB.\r\n\r\nDysk twardy: 1 TB SSD (NVMe).\r\n\r\nAparat: 720p HD zintegrowany z mikrofonem.\r\n\r\nBateria: Pojemność 80 Wh, do 8 godzin pracy na jednym ładowaniu, obsługa szybkiego ładowania.\r\n\r\nSystem operacyjny: Windows 11 Home.\r\n\r\nŁączność: Wi-Fi 6, Bluetooth 5.1, porty USB-C, USB-A, HDMI, Ethernet, złącze słuchawkowe 3,5 mm.\r\n\r\nWymiary i waga: Wymiary: 357 x 263 x 25 mm, waga: około 2,4 kg.'),
(61, 3, 1, 'Apple iPad Pro 5 gen. 2024 11\"', 'Apple iPad Pro 5. generacji z 2024 roku to zaawansowany tablet, stworzony dla profesjonalistów i entuzjastów technologii. Wyposażony w wyświetlacz Liquid Retina o przekątnej 11 cali, oferuje wyjątkową ostrość i głębię kolorów, idealną do tworzenia, edycji grafiki oraz oglądania multimediów. Nowy, wydajny procesor M3 sprawia, że iPad Pro radzi sobie z najbardziej wymagającymi aplikacjami, a wsparcie dla Apple Pencil i Magic Keyboard pozwala na maksymalną elastyczność w pracy i rozrywce.', 7299.00, 37, 'assets/products/APPLE-IPAD-PRO-2024-M4-10X.png', '2024-11-02 12:16:47', 'Wyświetlacz: 11 cali, Liquid Retina, rozdzielczość 2388 x 1668 pikseli, ProMotion 120 Hz, jasność do 600 nitów, True Tone, obsługa P3.\r\n\r\nProcesor: Apple M3, 8-rdzeniowy CPU, 10-rdzeniowy GPU, system Neural Engine.\r\n\r\nPamięć: 16 GB RAM.\r\n\r\nDysk twardy: 512 GB SSD.\r\n\r\nAparat główny: Podwójny aparat 12 MP (szerokokątny) i 10 MP (ultraszerokokątny), nagrywanie wideo 4K.\r\n\r\nAparat przedni: 12 MP Ultra Wide, Center Stage dla lepszych wideokonferencji.\r\n\r\nBateria: Do 10 godzin użytkowania, wsparcie dla szybkiego ładowania przez USB-C.\r\n\r\nSystem operacyjny: iPadOS 18.\r\n\r\nŁączność: 5G, Wi-Fi 6E, Bluetooth 5.3, USB-C z obsługą Thunderbolt.\r\n\r\nWymiary i waga: 247,6 x 178,5 x 5,9 mm, waga: około 470 g.');

CREATE TABLE `users` (
  `user_id` bigint(20) UNSIGNED NOT NULL,
  `first_name` varchar(255) NOT NULL,
  `last_name` varchar(255) NOT NULL,
  `email` varchar(255) NOT NULL,
  `password` varchar(255) NOT NULL,
  `is_admin` tinyint(1) NOT NULL,
  `phone_number` bigint(20) DEFAULT NULL
) ENGINE=InnoDB DEFAULT CHARSET=utf8 COLLATE=utf8_polish_ci;

INSERT INTO `users` (`user_id`, `first_name`, `last_name`, `email`, `password`, `is_admin`, `phone_number`) VALUES
(11, 'Alan', 'Nawrot', 'ad@o2.pl', '$2y$10$VvByjbiRHpEMNrsN7tOogeovEOgFncJYZt5bm.djDFyIQbNVJx07a', 0, 987654321),
(13, 'Admin', 'AdminAdmin', 'admin@admin.pl', '$2y$10$ibk/rFs/qlJYsKaLD3G2QeL6AtnoQ1xvZ3O/u/hX5TrahMlEmq5hC', 1, 999999999),
(18, 'awd', 'ad', 'aad@o2.pl', '$2y$10$ge.dYymQtSLXMJflc9ScC.wGynCUcCyiiSYbP9gzIWdlnj3RWIZKK', 0, 124567897),
(19, 'ad', 'af', 'qwe@o2.pl', '$2y$10$rLHuXXdKdD0RPm/cNN.W4O/MqSKHUgSeJJj9RrQBB9KFCGiEKRTwa', 0, 123456789);


ALTER TABLE `addresses`
  ADD PRIMARY KEY (`address_id`),
  ADD KEY `user_id` (`user_id`);

ALTER TABLE `carts`
  ADD PRIMARY KEY (`cart_id`),
  ADD KEY `user_id` (`user_id`);

ALTER TABLE `cart_items`
  ADD PRIMARY KEY (`cart_item_id`),
  ADD KEY `cart_id` (`cart_id`),
  ADD KEY `product_id` (`product_id`);

ALTER TABLE `categories`
  ADD PRIMARY KEY (`category_id`);

ALTER TABLE `orders`
  ADD PRIMARY KEY (`order_id`),
  ADD KEY `user_id` (`user_id`),
  ADD KEY `payment_id` (`payment_id`);

ALTER TABLE `order_items`
  ADD PRIMARY KEY (`order_item_id`),
  ADD KEY `order_id` (`order_id`),
  ADD KEY `product_id` (`product_id`);

ALTER TABLE `payments`
  ADD PRIMARY KEY (`payment_id`);

ALTER TABLE `producers`
  ADD PRIMARY KEY (`producer_id`);

ALTER TABLE `products`
  ADD PRIMARY KEY (`product_id`),
  ADD KEY `category_id` (`category_id`),
  ADD KEY `producer_id` (`producer_id`);

ALTER TABLE `users`
  ADD PRIMARY KEY (`user_id`);


ALTER TABLE `addresses`
  MODIFY `address_id` bigint(20) UNSIGNED NOT NULL AUTO_INCREMENT, AUTO_INCREMENT=42;

ALTER TABLE `carts`
  MODIFY `cart_id` bigint(20) UNSIGNED NOT NULL AUTO_INCREMENT, AUTO_INCREMENT=7;

ALTER TABLE `cart_items`
  MODIFY `cart_item_id` bigint(20) UNSIGNED NOT NULL AUTO_INCREMENT, AUTO_INCREMENT=125;

ALTER TABLE `categories`
  MODIFY `category_id` bigint(20) UNSIGNED NOT NULL AUTO_INCREMENT, AUTO_INCREMENT=6;

ALTER TABLE `orders`
  MODIFY `order_id` bigint(20) UNSIGNED NOT NULL AUTO_INCREMENT, AUTO_INCREMENT=24;

ALTER TABLE `order_items`
  MODIFY `order_item_id` bigint(20) UNSIGNED NOT NULL AUTO_INCREMENT, AUTO_INCREMENT=29;

ALTER TABLE `payments`
  MODIFY `payment_id` bigint(20) UNSIGNED NOT NULL AUTO_INCREMENT, AUTO_INCREMENT=14;

ALTER TABLE `producers`
  MODIFY `producer_id` bigint(20) UNSIGNED NOT NULL AUTO_INCREMENT, AUTO_INCREMENT=7;

ALTER TABLE `products`
  MODIFY `product_id` bigint(20) UNSIGNED NOT NULL AUTO_INCREMENT, AUTO_INCREMENT=64;

ALTER TABLE `users`
  MODIFY `user_id` bigint(20) UNSIGNED NOT NULL AUTO_INCREMENT, AUTO_INCREMENT=20;


ALTER TABLE `addresses`
  ADD CONSTRAINT `addresses_ibfk_1` FOREIGN KEY (`user_id`) REFERENCES `users` (`user_id`) ON DELETE CASCADE ON UPDATE CASCADE;

ALTER TABLE `carts`
  ADD CONSTRAINT `carts_ibfk_1` FOREIGN KEY (`user_id`) REFERENCES `users` (`user_id`) ON DELETE CASCADE ON UPDATE CASCADE;

ALTER TABLE `cart_items`
  ADD CONSTRAINT `cart_items_ibfk_1` FOREIGN KEY (`cart_id`) REFERENCES `carts` (`cart_id`) ON DELETE CASCADE ON UPDATE CASCADE,
  ADD CONSTRAINT `cart_items_ibfk_2` FOREIGN KEY (`product_id`) REFERENCES `products` (`product_id`) ON UPDATE CASCADE;

ALTER TABLE `orders`
  ADD CONSTRAINT `orders_ibfk_1` FOREIGN KEY (`user_id`) REFERENCES `users` (`user_id`) ON DELETE CASCADE ON UPDATE CASCADE,
  ADD CONSTRAINT `orders_ibfk_2` FOREIGN KEY (`payment_id`) REFERENCES `payments` (`payment_id`) ON UPDATE CASCADE;

ALTER TABLE `order_items`
  ADD CONSTRAINT `order_items_ibfk_1` FOREIGN KEY (`order_id`) REFERENCES `orders` (`order_id`) ON DELETE CASCADE ON UPDATE CASCADE,
  ADD CONSTRAINT `order_items_ibfk_2` FOREIGN KEY (`product_id`) REFERENCES `products` (`product_id`) ON UPDATE CASCADE;

ALTER TABLE `products`
  ADD CONSTRAINT `products_ibfk_1` FOREIGN KEY (`category_id`) REFERENCES `categories` (`category_id`) ON UPDATE CASCADE,
  ADD CONSTRAINT `products_ibfk_2` FOREIGN KEY (`producer_id`) REFERENCES `producers` (`producer_id`) ON UPDATE CASCADE;

/*!40101 SET CHARACTER_SET_CLIENT=@OLD_CHARACTER_SET_CLIENT */;
/*!40101 SET CHARACTER_SET_RESULTS=@OLD_CHARACTER_SET_RESULTS */;
/*!40101 SET COLLATION_CONNECTION=@OLD_COLLATION_CONNECTION */;
